danceability,energy,key,loudness,mode,speechiness,acousticness,instrumentalness,liveness,valence,tempo,id,duration_ms,time_signature,ts,tick,error.status,error.message
0.782,0.808,2.0,-8.374,1.0,0.0291,0.0298,0.0,0.161,0.971,104.983,1DzQvaFztN7CnbqcXOO5k0,176592.0,4.0,2023-08-12 19:28:48.750385,0,,
0.641,0.892,0.0,-2.812,0.0,0.0303,0.255,1.01e-05,0.221,0.841,151.229,2ysXoU4TaFyoLI8xoNLVjs,269373.0,4.0,2023-08-12 19:28:48.907362,1,,
0.435,0.899,4.0,-3.84,0.0,0.0656,0.0392,0.000447,0.115,0.377,150.546,6JxwjzxFlfkOB12ruL3sEI,281667.0,4.0,2023-08-12 19:28:49.105292,2,,
0.269,0.903,2.0,-5.918,1.0,0.044,0.00367,0.00138,0.892,0.276,180.863,71LyOhYZFuRIZHtXmPr9WJ,269000.0,4.0,2023-08-12 19:28:49.263502,3,,
0.457,0.904,7.0,-4.67,1.0,0.0659,0.015,5.01e-05,0.2,0.237,171.633,130IkeGT0cxy5gE1emsD9g,250093.0,4.0,2023-08-12 19:28:49.443071,4,,
0.443,0.923,0.0,-3.043,1.0,0.0709,0.00146,0.0,0.0868,0.554,146.082,7bPAELNS5zNE1eS2NFW00n,284960.0,4.0,2023-08-12 19:28:49.621162,5,,
0.546,0.821,1.0,-6.208,0.0,0.0303,0.0343,1.9e-06,0.294,0.757,159.906,77aZnChPZCiGGmmCZaukSE,244760.0,4.0,2023-08-12 19:28:49.809386,6,,
0.437,0.855,1.0,-5.172,1.0,0.075,0.0568,0.254,0.0429,0.584,189.856,5fN5bF3cEb6EHSadbzcALZ,267186.0,4.0,2023-08-12 19:28:49.960713,7,,
0.514,0.86,11.0,-9.275,0.0,0.0432,0.00079,0.211,0.172,0.502,147.961,2IWexyLDeIXR0ctQW5C1MZ,278707.0,4.0,2023-08-12 19:28:50.133062,8,,
0.397,0.784,4.0,-6.512,1.0,0.0522,0.000503,0.00193,0.0865,0.24,176.046,77ferUMbyzKveMfjcYJElt,262627.0,4.0,2023-08-12 19:28:50.287921,9,,
0.734,0.852,7.0,-5.632,0.0,0.0483,0.323,2.27e-05,0.421,0.89,149.976,3fSA7dPfYADcZuHO6nAMYw,267760.0,4.0,2023-08-12 19:28:50.451796,10,,
0.557,0.857,2.0,-3.809,1.0,0.0489,0.00531,0.0,0.115,0.647,95.025,2ralFXS7KCD1xhjzMPrTBU,208840.0,4.0,2023-08-12 19:28:50.617697,11,,
0.418,0.969,2.0,-4.758,0.0,0.138,0.000373,0.00845,0.156,0.368,183.051,6wkvjvOQqnjJk4swrdjY0O,220427.0,4.0,2023-08-12 19:28:50.775435,12,,
0.523,0.764,9.0,-8.761,1.0,0.0355,0.000643,0.0042,0.414,0.741,196.026,2Uus6w0WZfgnbnvDvRnYEr,217280.0,4.0,2023-08-12 19:28:50.936050,13,,
0.526,0.887,10.0,-4.704,0.0,0.0457,0.208,1.51e-06,0.18,0.399,135.015,3u5FXpDHLwfuW0oZvfzChs,263400.0,4.0,2023-08-12 19:28:51.106043,14,,
0.611,0.866,0.0,-5.135,1.0,0.0285,0.0274,2.89e-05,0.278,0.826,114.016,7DPIYIsvSNXv6iG0KcR8YW,235333.0,4.0,2023-08-12 19:28:51.258196,15,,
0.436,0.912,11.0,-3.756,0.0,0.0382,0.0426,1.5e-06,0.0772,0.751,119.617,6KHWyuPUbVae8bpprkfYPK,258666.0,4.0,2023-08-12 19:28:51.417084,16,,
0.415,0.651,7.0,-4.643,0.0,0.0302,0.0164,0.0,0.111,0.281,155.17,4OeGTfPIF6sURCstaEqf4R,256213.0,4.0,2023-08-12 19:28:51.596124,17,,
0.467,0.9,2.0,-4.318,1.0,0.0378,0.000642,0.0,0.351,0.495,125.981,1GlXuyoUPb9r4Ez5cGMC6E,220840.0,4.0,2023-08-12 19:28:51.752233,18,,
0.572,0.956,11.0,-5.943,0.0,0.0797,0.0125,0.0,0.247,0.75,172.264,4IhO9QrMr4jQ1VqRyk61VU,151133.0,4.0,2023-08-12 19:28:51.906464,19,,
0.659,0.891,7.0,-3.143,0.0,0.0259,0.128,0.0,0.0999,0.583,138.989,0HTyWmZkeC8nlGsPhmYt3I,184333.0,4.0,2023-08-12 19:28:52.080276,20,,
0.564,0.959,2.0,-2.188,1.0,0.0573,0.00382,1.47e-05,0.123,0.689,88.464,5SnZUz8xAAWMlMTzDrjZxX,218147.0,4.0,2023-08-12 19:28:52.251976,21,,
0.458,0.746,11.0,-9.444,0.0,0.0318,0.0351,0.0,0.172,0.511,166.095,4rJdaSwOCHLBhxdMsymeMw,368320.0,4.0,2023-08-12 19:28:52.410287,22,,
0.706,0.717,0.0,-8.108,1.0,0.0379,0.15,0.0,0.132,0.559,134.184,41ZRXzPrNtJTrjd7GVCiLA,292240.0,4.0,2023-08-12 19:28:52.577585,23,,
0.521,0.852,6.0,-5.014,0.0,0.0624,0.0835,0.0,0.365,0.523,151.012,3xiNRrrVROKlHrflHGNTfG,285040.0,4.0,2023-08-12 19:28:52.734963,24,,
0.739,0.748,7.0,-3.806,0.0,0.0269,0.355,2.54e-06,0.177,0.822,132.86,5SMdW9cbM4wTMMPI8Ck08a,306240.0,4.0,2023-08-12 19:28:52.899211,25,,
0.565,0.87,0.0,-3.895,1.0,0.0409,0.252,0.000162,0.526,0.886,145.164,5LlXYUfSei584BdUJ05Lo3,375120.0,4.0,2023-08-12 19:28:53.062028,26,,
0.714,0.941,0.0,-3.253,1.0,0.0371,0.0285,0.0,0.0941,0.965,134.264,0xxv5pPetomF3e7kB8Pw9a,274906.0,4.0,2023-08-12 19:28:53.216451,27,,
0.69,0.842,6.0,-7.683,0.0,0.0302,0.141,0.0158,0.238,0.951,150.042,2GvlIZHqSDyXQgf5hWXsOd,277867.0,4.0,2023-08-12 19:28:53.383105,28,,
0.589,0.872,7.0,-5.231,1.0,0.037,0.0658,0.000493,0.329,0.982,168.008,25uN86jLVXNnusQDA3il8S,198893.0,4.0,2023-08-12 19:28:53.537600,29,,
0.591,0.955,7.0,-3.979,0.0,0.0536,0.06,1.36e-05,0.183,0.714,150.214,6YBBChCWBs546BtgxTtKqA,318746.0,4.0,2023-08-12 19:28:53.709122,30,,
0.456,0.991,0.0,-2.848,1.0,0.0437,0.222,0.00014,0.298,0.967,176.545,0CfKsyQqHcZQq8RoNDii82,145093.0,4.0,2023-08-12 19:28:53.867370,31,,
0.407,0.821,9.0,-9.159,0.0,0.0717,0.131,9.99e-05,0.987,0.689,145.932,2FtPNLwsFxH35MHGUjqM48,284587.0,4.0,2023-08-12 19:28:54.026239,32,,
0.773,0.67,2.0,-9.026,0.0,0.0843,0.0933,0.00193,0.174,0.556,149.981,6SoVWNngePBvujtaoLxOgO,220867.0,4.0,2023-08-12 19:28:54.181129,33,,
0.559,0.881,11.0,-4.722,0.0,0.0654,0.0558,0.00102,0.276,0.756,171.938,4GkWN0aRGs5Ip4cQiiI7Pf,224133.0,4.0,2023-08-12 19:28:54.331535,34,,
0.822,0.757,9.0,-6.884,0.0,0.0274,0.216,0.0047,0.0814,0.962,136.043,46kp7Rjd1AEssxlIgtCZ39,270227.0,4.0,2023-08-12 19:28:54.518249,35,,
0.447,0.827,5.0,-5.215,0.0,0.0743,0.0101,4.73e-06,0.102,0.555,167.899,2w6adV1U4TUjkcAplbCpwQ,230707.0,4.0,2023-08-12 19:28:54.681164,36,,
0.681,0.815,7.0,-5.761,0.0,0.0424,0.0971,0.000252,0.125,0.577,143.953,37iUUEXzfIuENDocwZpVjX,368760.0,4.0,2023-08-12 19:28:54.850350,37,,
0.686,0.775,7.0,-6.238,0.0,0.0276,0.00827,0.000185,0.476,0.828,110.039,3K6mMLar17rUy9nebrVIEO,236413.0,4.0,2023-08-12 19:28:55.027926,38,,
0.697,0.537,5.0,-13.436,1.0,0.039,0.0101,0.000433,0.0792,0.504,140.136,36j2mLDy4nPQRnvst4moR4,331827.0,4.0,2023-08-12 19:28:55.182377,39,,
0.745,0.839,2.0,-3.89,1.0,0.0455,0.0754,1.48e-06,0.336,0.591,147.024,7J7bX7VhjPz52eWGaGFaEA,184867.0,4.0,2023-08-12 19:28:55.339909,40,,
0.601,0.647,9.0,-9.86,1.0,0.0321,0.00241,0.000514,0.116,0.968,170.043,1IFJBxdF0CDBYxCCRsV5Rr,181373.0,4.0,2023-08-12 19:28:55.506390,41,,
0.587,0.654,5.0,-9.066,1.0,0.0457,0.00604,0.000204,0.0967,0.567,144.123,0Y5vEVsxJLsXdBTTV6WW0O,333907.0,4.0,2023-08-12 19:28:55.665053,42,,
0.45,0.812,7.0,-5.75,1.0,0.0896,0.153,8.6e-06,0.39,0.685,168.326,5s9gh7ukA1Ya9R454r18IQ,293307.0,4.0,2023-08-12 19:28:55.878885,43,,
0.484,0.941,0.0,-3.736,1.0,0.0491,0.0367,1.2e-05,0.118,0.707,177.566,4RNfKtZvbqu5tixgWszQMD,212053.0,4.0,2023-08-12 19:28:56.059695,44,,
0.615,0.885,0.0,-8.611,1.0,0.0375,0.0102,1.89e-05,0.0981,0.604,154.026,3ZC3K3ec5NyLLVO6gSqqmf,196493.0,4.0,2023-08-12 19:28:56.215562,45,,
0.403,0.893,9.0,-2.735,0.0,0.0474,0.437,0.000173,0.11,0.527,141.194,4kJP8Z888wREJ8bRMWNMuk,243320.0,4.0,2023-08-12 19:28:56.380041,46,,
0.433,0.638,6.0,-9.331,0.0,0.0517,0.226,0.0862,0.119,0.35,137.81,6DWAOntbxkpsgKs9iJDEhW,494773.0,4.0,2023-08-12 19:28:56.551016,47,,
0.435,0.899,4.0,-3.84,0.0,0.0656,0.0392,0.000447,0.115,0.377,150.546,5HSpMRUC4m3L3q48to2Kmu,281667.0,4.0,2023-08-12 19:28:56.711336,48,,
0.466,0.629,7.0,-4.684,1.0,0.0421,0.279,0.436,0.141,0.396,132.663,6BxCmy6vGbuOckxg6YfQOW,207987.0,4.0,2023-08-12 19:28:56.864370,49,,
0.562,0.902,4.0,-7.528,0.0,0.0536,0.0121,0.136,0.415,0.544,111.127,7LCUy5LoikLKEBeyVqCd3s,234168.0,4.0,2023-08-12 19:28:57.053335,50,,
0.357,0.518,11.0,-10.422,0.0,0.0344,0.469,0.178,0.187,0.192,153.595,7qXpGAur9Lx3ysYBs4He6j,450547.0,4.0,2023-08-12 19:28:57.212080,51,,
0.277,0.958,9.0,-2.639,0.0,0.139,0.0274,0.801,0.11,0.308,189.741,30M1XJhkJdkGrgXZ1TpXSS,322880.0,4.0,2023-08-12 19:28:57.364263,52,,
0.316,0.645,7.0,-6.206,1.0,0.0431,0.291,0.00312,0.109,0.467,160.399,4z2EeFUp5Lhai9qhHtA6IF,318987.0,4.0,2023-08-12 19:28:57.522112,53,,
0.412,0.754,7.0,-6.591,1.0,0.0783,0.35,0.00156,0.0614,0.502,158.172,47mkNEdDxgp89XMETs9mtp,342787.0,4.0,2023-08-12 19:28:57.692221,54,,
0.506,0.709,4.0,-9.02,0.0,0.0497,0.00919,0.0336,0.148,0.718,135.157,3O9xOAPwHjKKrRqL6LgTLI,369907.0,4.0,2023-08-12 19:28:57.848631,55,,
0.512,0.458,7.0,-8.993,1.0,0.0282,0.00771,0.399,0.109,0.667,99.092,4p16QRkQMGSuI96QeOyilU,457920.0,4.0,2023-08-12 19:28:58.010245,56,,
0.391,0.693,7.0,-5.37,1.0,0.0335,0.563,0.00773,0.154,0.549,149.778,2dfqWgYQVWqF1DJUWc8EoL,359547.0,4.0,2023-08-12 19:28:58.160525,57,,
0.328,0.987,7.0,-1.812,0.0,0.183,0.0442,0.0691,0.353,0.281,191.91,3WK3ejrcg2sOILqcxYaykU,323227.0,4.0,2023-08-12 19:28:58.315911,58,,
0.642,0.677,11.0,-5.488,0.0,0.0334,0.128,0.00414,0.108,0.472,88.041,19YMl1jI5e4s5GsfCiLMrl,276427.0,4.0,2023-08-12 19:28:58.473186,59,,
0.366,0.796,9.0,-4.085,0.0,0.0607,0.0738,0.027,0.0503,0.94,80.467,1REM2DvMUO7c4bSSCowXum,222093.0,4.0,2023-08-12 19:28:58.641631,60,,
0.482,0.858,9.0,-3.946,1.0,0.0682,0.128,0.00564,0.0991,0.613,165.876,06LdeHlnBLBDUb87cgBef0,167840.0,4.0,2023-08-12 19:28:58.793014,61,,
0.553,0.691,0.0,-5.546,1.0,0.044,0.297,0.0106,0.149,0.744,152.305,1FKKvyrgMdJFwf0NdM7P5Q,281320.0,4.0,2023-08-12 19:28:58.953172,62,,
0.379,0.741,7.0,-7.636,1.0,0.116,0.506,0.0503,0.0784,0.325,159.282,68l33GWbkYY2I1ZiPodIyE,199960.0,4.0,2023-08-12 19:28:59.124078,63,,
0.316,0.844,2.0,-4.09,1.0,0.0567,0.0322,3.9e-05,0.155,0.546,170.453,5PPwm655zF0qaG28ybUfDI,251733.0,4.0,2023-08-12 19:28:59.281671,64,,
0.495,0.439,4.0,-7.269,0.0,0.0626,0.0512,0.193,0.261,0.269,81.658,1utwDyQnj11yZEAab7Uvbc,283493.0,4.0,2023-08-12 19:28:59.459458,65,,
0.547,0.94,11.0,-5.13,0.0,0.0796,0.0676,0.000212,0.0657,0.729,180.09,3C3EQeacSrIsdYdPl921qk,234106.0,4.0,2023-08-12 19:28:59.639965,66,,
0.376,0.963,11.0,-4.076,0.0,0.17,0.00443,0.0,0.269,0.487,93.733,3ePinNl3ZVyZYfz7FcrY6x,241560.0,4.0,2023-08-12 19:28:59.791218,67,,
0.338,0.787,7.0,-6.317,1.0,0.0514,0.0285,0.000165,0.0887,0.388,170.009,58KZJ5eFXvAbEd96QaGHKb,287866.0,4.0,2023-08-12 19:28:59.952225,68,,
0.349,0.704,0.0,-6.628,1.0,0.0645,0.0158,0.0521,0.132,0.607,179.211,17LM7c7F3XMXSkXJKEN7CG,288253.0,4.0,2023-08-12 19:29:00.111895,69,,
0.745,0.466,4.0,-7.62,0.0,0.0864,0.00666,0.35,0.272,0.303,123.889,3m6KkYKdnbffMpGd9Pm9FP,231920.0,4.0,2023-08-12 19:29:00.303572,70,,
0.591,0.939,10.0,-4.911,0.0,0.0533,0.000156,0.0111,0.0882,0.856,150.249,6U5hUX40OWY6l0HaPUWElZ,200400.0,4.0,2023-08-12 19:29:02.536295,84,,
0.458,0.972,0.0,-5.184,1.0,0.0575,0.00763,0.000162,0.115,0.404,141.615,5pitIaWekrv2IqkOuKgAbi,343773.0,4.0,2023-08-12 19:29:03.178681,88,,
0.782,0.808,2.0,-8.374,1.0,0.0291,0.0298,0.0,0.161,0.971,104.983,1DzQvaFztN7CnbqcXOO5k0,176592.0,4.0,2023-08-12 19:32:22.312291,100,,
0.641,0.892,0.0,-2.812,0.0,0.0303,0.255,1.01e-05,0.221,0.841,151.229,2ysXoU4TaFyoLI8xoNLVjs,269373.0,4.0,2023-08-12 19:32:22.547783,101,,
0.435,0.899,4.0,-3.84,0.0,0.0656,0.0392,0.000447,0.115,0.377,150.546,6JxwjzxFlfkOB12ruL3sEI,281667.0,4.0,2023-08-12 19:32:22.801422,102,,
0.269,0.903,2.0,-5.918,1.0,0.044,0.00367,0.00138,0.892,0.276,180.863,71LyOhYZFuRIZHtXmPr9WJ,269000.0,4.0,2023-08-12 19:32:23.026705,103,,
0.457,0.904,7.0,-4.67,1.0,0.0659,0.015,5.01e-05,0.2,0.237,171.633,130IkeGT0cxy5gE1emsD9g,250093.0,4.0,2023-08-12 19:32:23.282591,104,,
0.443,0.923,0.0,-3.043,1.0,0.0709,0.00146,0.0,0.0868,0.554,146.082,7bPAELNS5zNE1eS2NFW00n,284960.0,4.0,2023-08-12 19:32:23.575247,105,,
0.546,0.821,1.0,-6.208,0.0,0.0303,0.0343,1.9e-06,0.294,0.757,159.906,77aZnChPZCiGGmmCZaukSE,244760.0,4.0,2023-08-12 19:32:23.811659,106,,
0.437,0.855,1.0,-5.172,1.0,0.075,0.0568,0.254,0.0429,0.584,189.856,5fN5bF3cEb6EHSadbzcALZ,267186.0,4.0,2023-08-12 19:32:24.087181,107,,
0.514,0.86,11.0,-9.275,0.0,0.0432,0.00079,0.211,0.172,0.502,147.961,2IWexyLDeIXR0ctQW5C1MZ,278707.0,4.0,2023-08-12 19:32:24.392265,108,,
0.397,0.784,4.0,-6.512,1.0,0.0522,0.000503,0.00193,0.0865,0.24,176.046,77ferUMbyzKveMfjcYJElt,262627.0,4.0,2023-08-12 19:32:24.604257,109,,
0.734,0.852,7.0,-5.632,0.0,0.0483,0.323,2.27e-05,0.421,0.89,149.976,3fSA7dPfYADcZuHO6nAMYw,267760.0,4.0,2023-08-12 19:32:24.765016,110,,
0.557,0.857,2.0,-3.809,1.0,0.0489,0.00531,0.0,0.115,0.647,95.025,2ralFXS7KCD1xhjzMPrTBU,208840.0,4.0,2023-08-12 19:32:24.926456,111,,
0.418,0.969,2.0,-4.758,0.0,0.138,0.000373,0.00845,0.156,0.368,183.051,6wkvjvOQqnjJk4swrdjY0O,220427.0,4.0,2023-08-12 19:32:25.093943,112,,
0.523,0.764,9.0,-8.761,1.0,0.0355,0.000643,0.0042,0.414,0.741,196.026,2Uus6w0WZfgnbnvDvRnYEr,217280.0,4.0,2023-08-12 19:32:25.250899,113,,
0.526,0.887,10.0,-4.704,0.0,0.0457,0.208,1.51e-06,0.18,0.399,135.015,3u5FXpDHLwfuW0oZvfzChs,263400.0,4.0,2023-08-12 19:32:25.415444,114,,
0.611,0.866,0.0,-5.135,1.0,0.0285,0.0274,2.89e-05,0.278,0.826,114.016,7DPIYIsvSNXv6iG0KcR8YW,235333.0,4.0,2023-08-12 19:32:25.570371,115,,
0.436,0.912,11.0,-3.756,0.0,0.0382,0.0426,1.5e-06,0.0772,0.751,119.617,6KHWyuPUbVae8bpprkfYPK,258666.0,4.0,2023-08-12 19:32:25.726821,116,,
0.415,0.651,7.0,-4.643,0.0,0.0302,0.0164,0.0,0.111,0.281,155.17,4OeGTfPIF6sURCstaEqf4R,256213.0,4.0,2023-08-12 19:32:25.892254,117,,
0.467,0.9,2.0,-4.318,1.0,0.0378,0.000642,0.0,0.351,0.495,125.981,1GlXuyoUPb9r4Ez5cGMC6E,220840.0,4.0,2023-08-12 19:32:26.053632,118,,
0.572,0.956,11.0,-5.943,0.0,0.0797,0.0125,0.0,0.247,0.75,172.264,4IhO9QrMr4jQ1VqRyk61VU,151133.0,4.0,2023-08-12 19:32:26.239835,119,,
0.659,0.891,7.0,-3.143,0.0,0.0259,0.128,0.0,0.0999,0.583,138.989,0HTyWmZkeC8nlGsPhmYt3I,184333.0,4.0,2023-08-12 19:32:26.401053,120,,
0.564,0.959,2.0,-2.188,1.0,0.0573,0.00382,1.47e-05,0.123,0.689,88.464,5SnZUz8xAAWMlMTzDrjZxX,218147.0,4.0,2023-08-12 19:32:26.559283,121,,
0.458,0.746,11.0,-9.444,0.0,0.0318,0.0351,0.0,0.172,0.511,166.095,4rJdaSwOCHLBhxdMsymeMw,368320.0,4.0,2023-08-12 19:32:26.718330,122,,
0.706,0.717,0.0,-8.108,1.0,0.0379,0.15,0.0,0.132,0.559,134.184,41ZRXzPrNtJTrjd7GVCiLA,292240.0,4.0,2023-08-12 19:32:26.875005,123,,
0.521,0.852,6.0,-5.014,0.0,0.0624,0.0835,0.0,0.365,0.523,151.012,3xiNRrrVROKlHrflHGNTfG,285040.0,4.0,2023-08-12 19:32:27.038529,124,,
0.739,0.748,7.0,-3.806,0.0,0.0269,0.355,2.54e-06,0.177,0.822,132.86,5SMdW9cbM4wTMMPI8Ck08a,306240.0,4.0,2023-08-12 19:32:27.201095,125,,
0.565,0.87,0.0,-3.895,1.0,0.0409,0.252,0.000162,0.526,0.886,145.164,5LlXYUfSei584BdUJ05Lo3,375120.0,4.0,2023-08-12 19:32:27.377419,126,,
0.714,0.941,0.0,-3.253,1.0,0.0371,0.0285,0.0,0.0941,0.965,134.264,0xxv5pPetomF3e7kB8Pw9a,274906.0,4.0,2023-08-12 19:32:27.588585,127,,
0.69,0.842,6.0,-7.683,0.0,0.0302,0.141,0.0158,0.238,0.951,150.042,2GvlIZHqSDyXQgf5hWXsOd,277867.0,4.0,2023-08-12 19:32:27.773705,128,,
0.589,0.872,7.0,-5.231,1.0,0.037,0.0658,0.000493,0.329,0.982,168.008,25uN86jLVXNnusQDA3il8S,198893.0,4.0,2023-08-12 19:32:27.951351,129,,
0.591,0.955,7.0,-3.979,0.0,0.0536,0.06,1.36e-05,0.183,0.714,150.214,6YBBChCWBs546BtgxTtKqA,318746.0,4.0,2023-08-12 19:32:28.110333,130,,
0.456,0.991,0.0,-2.848,1.0,0.0437,0.222,0.00014,0.298,0.967,176.545,0CfKsyQqHcZQq8RoNDii82,145093.0,4.0,2023-08-12 19:32:28.275396,131,,
0.407,0.821,9.0,-9.159,0.0,0.0717,0.131,9.99e-05,0.987,0.689,145.932,2FtPNLwsFxH35MHGUjqM48,284587.0,4.0,2023-08-12 19:32:28.444722,132,,
0.773,0.67,2.0,-9.026,0.0,0.0843,0.0933,0.00193,0.174,0.556,149.981,6SoVWNngePBvujtaoLxOgO,220867.0,4.0,2023-08-12 19:32:28.598435,133,,
0.559,0.881,11.0,-4.722,0.0,0.0654,0.0558,0.00102,0.276,0.756,171.938,4GkWN0aRGs5Ip4cQiiI7Pf,224133.0,4.0,2023-08-12 19:32:28.780774,134,,
0.822,0.757,9.0,-6.884,0.0,0.0274,0.216,0.0047,0.0814,0.962,136.043,46kp7Rjd1AEssxlIgtCZ39,270227.0,4.0,2023-08-12 19:32:28.958512,135,,
0.447,0.827,5.0,-5.215,0.0,0.0743,0.0101,4.73e-06,0.102,0.555,167.899,2w6adV1U4TUjkcAplbCpwQ,230707.0,4.0,2023-08-12 19:32:29.141030,136,,
0.681,0.815,7.0,-5.761,0.0,0.0424,0.0971,0.000252,0.125,0.577,143.953,37iUUEXzfIuENDocwZpVjX,368760.0,4.0,2023-08-12 19:32:29.300532,137,,
0.686,0.775,7.0,-6.238,0.0,0.0276,0.00827,0.000185,0.476,0.828,110.039,3K6mMLar17rUy9nebrVIEO,236413.0,4.0,2023-08-12 19:32:29.452986,138,,
0.697,0.537,5.0,-13.436,1.0,0.039,0.0101,0.000433,0.0792,0.504,140.136,36j2mLDy4nPQRnvst4moR4,331827.0,4.0,2023-08-12 19:32:29.607005,139,,
0.745,0.839,2.0,-3.89,1.0,0.0455,0.0754,1.48e-06,0.336,0.591,147.024,7J7bX7VhjPz52eWGaGFaEA,184867.0,4.0,2023-08-12 19:32:29.762034,140,,
0.601,0.647,9.0,-9.86,1.0,0.0321,0.00241,0.000514,0.116,0.968,170.043,1IFJBxdF0CDBYxCCRsV5Rr,181373.0,4.0,2023-08-12 19:32:29.946371,141,,
0.587,0.654,5.0,-9.066,1.0,0.0457,0.00604,0.000204,0.0967,0.567,144.123,0Y5vEVsxJLsXdBTTV6WW0O,333907.0,4.0,2023-08-12 19:32:30.104369,142,,
0.45,0.812,7.0,-5.75,1.0,0.0896,0.153,8.6e-06,0.39,0.685,168.326,5s9gh7ukA1Ya9R454r18IQ,293307.0,4.0,2023-08-12 19:32:30.285999,143,,
0.484,0.941,0.0,-3.736,1.0,0.0491,0.0367,1.2e-05,0.118,0.707,177.566,4RNfKtZvbqu5tixgWszQMD,212053.0,4.0,2023-08-12 19:32:30.446477,144,,
0.615,0.885,0.0,-8.611,1.0,0.0375,0.0102,1.89e-05,0.0981,0.604,154.026,3ZC3K3ec5NyLLVO6gSqqmf,196493.0,4.0,2023-08-12 19:32:30.602359,145,,
0.403,0.893,9.0,-2.735,0.0,0.0474,0.437,0.000173,0.11,0.527,141.194,4kJP8Z888wREJ8bRMWNMuk,243320.0,4.0,2023-08-12 19:32:30.812085,146,,
0.433,0.638,6.0,-9.331,0.0,0.0517,0.226,0.0862,0.119,0.35,137.81,6DWAOntbxkpsgKs9iJDEhW,494773.0,4.0,2023-08-12 19:32:31.013479,147,,
0.435,0.899,4.0,-3.84,0.0,0.0656,0.0392,0.000447,0.115,0.377,150.546,5HSpMRUC4m3L3q48to2Kmu,281667.0,4.0,2023-08-12 19:32:31.181128,148,,
0.466,0.629,7.0,-4.684,1.0,0.0421,0.279,0.436,0.141,0.396,132.663,6BxCmy6vGbuOckxg6YfQOW,207987.0,4.0,2023-08-12 19:32:31.340005,149,,
0.562,0.902,4.0,-7.528,0.0,0.0536,0.0121,0.136,0.415,0.544,111.127,7LCUy5LoikLKEBeyVqCd3s,234168.0,4.0,2023-08-12 19:32:31.505491,150,,
0.357,0.518,11.0,-10.422,0.0,0.0344,0.469,0.178,0.187,0.192,153.595,7qXpGAur9Lx3ysYBs4He6j,450547.0,4.0,2023-08-12 19:32:31.658213,151,,
0.277,0.958,9.0,-2.639,0.0,0.139,0.0274,0.801,0.11,0.308,189.741,30M1XJhkJdkGrgXZ1TpXSS,322880.0,4.0,2023-08-12 19:32:31.831229,152,,
0.316,0.645,7.0,-6.206,1.0,0.0431,0.291,0.00312,0.109,0.467,160.399,4z2EeFUp5Lhai9qhHtA6IF,318987.0,4.0,2023-08-12 19:32:32.009891,153,,
0.412,0.754,7.0,-6.591,1.0,0.0783,0.35,0.00156,0.0614,0.502,158.172,47mkNEdDxgp89XMETs9mtp,342787.0,4.0,2023-08-12 19:32:32.169446,154,,
0.506,0.709,4.0,-9.02,0.0,0.0497,0.00919,0.0336,0.148,0.718,135.157,3O9xOAPwHjKKrRqL6LgTLI,369907.0,4.0,2023-08-12 19:32:32.345543,155,,
0.512,0.458,7.0,-8.993,1.0,0.0282,0.00771,0.399,0.109,0.667,99.092,4p16QRkQMGSuI96QeOyilU,457920.0,4.0,2023-08-12 19:32:32.496029,156,,
0.391,0.693,7.0,-5.37,1.0,0.0335,0.563,0.00773,0.154,0.549,149.778,2dfqWgYQVWqF1DJUWc8EoL,359547.0,4.0,2023-08-12 19:32:32.652190,157,,
0.328,0.987,7.0,-1.812,0.0,0.183,0.0442,0.0691,0.353,0.281,191.91,3WK3ejrcg2sOILqcxYaykU,323227.0,4.0,2023-08-12 19:32:32.805203,158,,
0.642,0.677,11.0,-5.488,0.0,0.0334,0.128,0.00414,0.108,0.472,88.041,19YMl1jI5e4s5GsfCiLMrl,276427.0,4.0,2023-08-12 19:32:32.965206,159,,
0.366,0.796,9.0,-4.085,0.0,0.0607,0.0738,0.027,0.0503,0.94,80.467,1REM2DvMUO7c4bSSCowXum,222093.0,4.0,2023-08-12 19:32:33.148934,160,,
0.482,0.858,9.0,-3.946,1.0,0.0682,0.128,0.00564,0.0991,0.613,165.876,06LdeHlnBLBDUb87cgBef0,167840.0,4.0,2023-08-12 19:32:33.325520,161,,
0.553,0.691,0.0,-5.546,1.0,0.044,0.297,0.0106,0.149,0.744,152.305,1FKKvyrgMdJFwf0NdM7P5Q,281320.0,4.0,2023-08-12 19:32:33.481537,162,,
0.379,0.741,7.0,-7.636,1.0,0.116,0.506,0.0503,0.0784,0.325,159.282,68l33GWbkYY2I1ZiPodIyE,199960.0,4.0,2023-08-12 19:32:33.642518,163,,
0.316,0.844,2.0,-4.09,1.0,0.0567,0.0322,3.9e-05,0.155,0.546,170.453,5PPwm655zF0qaG28ybUfDI,251733.0,4.0,2023-08-12 19:32:33.820838,164,,
0.495,0.439,4.0,-7.269,0.0,0.0626,0.0512,0.193,0.261,0.269,81.658,1utwDyQnj11yZEAab7Uvbc,283493.0,4.0,2023-08-12 19:32:34.037281,165,,
0.547,0.94,11.0,-5.13,0.0,0.0796,0.0676,0.000212,0.0657,0.729,180.09,3C3EQeacSrIsdYdPl921qk,234106.0,4.0,2023-08-12 19:32:34.210201,166,,
0.376,0.963,11.0,-4.076,0.0,0.17,0.00443,0.0,0.269,0.487,93.733,3ePinNl3ZVyZYfz7FcrY6x,241560.0,4.0,2023-08-12 19:32:34.457969,167,,
0.338,0.787,7.0,-6.317,1.0,0.0514,0.0285,0.000165,0.0887,0.388,170.009,58KZJ5eFXvAbEd96QaGHKb,287866.0,4.0,2023-08-12 19:32:34.608864,168,,
0.349,0.704,0.0,-6.628,1.0,0.0645,0.0158,0.0521,0.132,0.607,179.211,17LM7c7F3XMXSkXJKEN7CG,288253.0,4.0,2023-08-12 19:32:34.775402,169,,
0.745,0.466,4.0,-7.62,0.0,0.0864,0.00666,0.35,0.272,0.303,123.889,3m6KkYKdnbffMpGd9Pm9FP,231920.0,4.0,2023-08-12 19:32:34.963091,170,,
0.591,0.939,10.0,-4.911,0.0,0.0533,0.000156,0.0111,0.0882,0.856,150.249,6U5hUX40OWY6l0HaPUWElZ,200400.0,4.0,2023-08-12 19:32:37.253410,184,,
0.458,0.972,0.0,-5.184,1.0,0.0575,0.00763,0.000162,0.115,0.404,141.615,5pitIaWekrv2IqkOuKgAbi,343773.0,4.0,2023-08-12 19:32:37.883034,188,,
0.644,0.664,9.0,-8.398,1.0,0.0332,0.048,0.867,0.342,0.53,124.726,2VEZx7NWsZ1D0eJ4uv5Fym,301373.0,4.0,2023-08-12 19:32:40.430223,203,,
0.548,0.816,2.0,-4.478,1.0,0.0499,0.0104,0.0543,0.152,0.857,174.993,1595LW73XBxkRk2ciQOHfr,137760.0,4.0,2023-08-12 19:32:53.480498,282,,
0.782,0.808,2.0,-8.374,1.0,0.0291,0.0298,0.0,0.161,0.971,104.983,1DzQvaFztN7CnbqcXOO5k0,176592.0,4.0,2023-08-12 19:33:33.815153,300,,
0.641,0.892,0.0,-2.812,0.0,0.0303,0.255,1.01e-05,0.221,0.841,151.229,2ysXoU4TaFyoLI8xoNLVjs,269373.0,4.0,2023-08-12 19:33:33.975569,301,,
0.435,0.899,4.0,-3.84,0.0,0.0656,0.0392,0.000447,0.115,0.377,150.546,6JxwjzxFlfkOB12ruL3sEI,281667.0,4.0,2023-08-12 19:33:34.135134,302,,
0.269,0.903,2.0,-5.918,1.0,0.044,0.00367,0.00138,0.892,0.276,180.863,71LyOhYZFuRIZHtXmPr9WJ,269000.0,4.0,2023-08-12 19:33:34.293125,303,,
0.457,0.904,7.0,-4.67,1.0,0.0659,0.015,5.01e-05,0.2,0.237,171.633,130IkeGT0cxy5gE1emsD9g,250093.0,4.0,2023-08-12 19:33:34.453558,304,,
0.443,0.923,0.0,-3.043,1.0,0.0709,0.00146,0.0,0.0868,0.554,146.082,7bPAELNS5zNE1eS2NFW00n,284960.0,4.0,2023-08-12 19:33:34.620646,305,,
0.546,0.821,1.0,-6.208,0.0,0.0303,0.0343,1.9e-06,0.294,0.757,159.906,77aZnChPZCiGGmmCZaukSE,244760.0,4.0,2023-08-12 19:33:34.785837,306,,
0.437,0.855,1.0,-5.172,1.0,0.075,0.0568,0.254,0.0429,0.584,189.856,5fN5bF3cEb6EHSadbzcALZ,267186.0,4.0,2023-08-12 19:33:34.965494,307,,
0.514,0.86,11.0,-9.275,0.0,0.0432,0.00079,0.211,0.172,0.502,147.961,2IWexyLDeIXR0ctQW5C1MZ,278707.0,4.0,2023-08-12 19:33:35.136951,308,,
0.397,0.784,4.0,-6.512,1.0,0.0522,0.000503,0.00193,0.0865,0.24,176.046,77ferUMbyzKveMfjcYJElt,262627.0,4.0,2023-08-12 19:33:35.294955,309,,
0.734,0.852,7.0,-5.632,0.0,0.0483,0.323,2.27e-05,0.421,0.89,149.976,3fSA7dPfYADcZuHO6nAMYw,267760.0,4.0,2023-08-12 19:33:35.449017,310,,
0.557,0.857,2.0,-3.809,1.0,0.0489,0.00531,0.0,0.115,0.647,95.025,2ralFXS7KCD1xhjzMPrTBU,208840.0,4.0,2023-08-12 19:33:35.607294,311,,
0.418,0.969,2.0,-4.758,0.0,0.138,0.000373,0.00845,0.156,0.368,183.051,6wkvjvOQqnjJk4swrdjY0O,220427.0,4.0,2023-08-12 19:33:35.773782,312,,
0.523,0.764,9.0,-8.761,1.0,0.0355,0.000643,0.0042,0.414,0.741,196.026,2Uus6w0WZfgnbnvDvRnYEr,217280.0,4.0,2023-08-12 19:33:35.926869,313,,
0.526,0.887,10.0,-4.704,0.0,0.0457,0.208,1.51e-06,0.18,0.399,135.015,3u5FXpDHLwfuW0oZvfzChs,263400.0,4.0,2023-08-12 19:33:36.085176,314,,
0.611,0.866,0.0,-5.135,1.0,0.0285,0.0274,2.89e-05,0.278,0.826,114.016,7DPIYIsvSNXv6iG0KcR8YW,235333.0,4.0,2023-08-12 19:33:36.249426,315,,
0.436,0.912,11.0,-3.756,0.0,0.0382,0.0426,1.5e-06,0.0772,0.751,119.617,6KHWyuPUbVae8bpprkfYPK,258666.0,4.0,2023-08-12 19:33:36.407693,316,,
0.415,0.651,7.0,-4.643,0.0,0.0302,0.0164,0.0,0.111,0.281,155.17,4OeGTfPIF6sURCstaEqf4R,256213.0,4.0,2023-08-12 19:33:36.563755,317,,
0.467,0.9,2.0,-4.318,1.0,0.0378,0.000642,0.0,0.351,0.495,125.981,1GlXuyoUPb9r4Ez5cGMC6E,220840.0,4.0,2023-08-12 19:33:36.730625,318,,
0.572,0.956,11.0,-5.943,0.0,0.0797,0.0125,0.0,0.247,0.75,172.264,4IhO9QrMr4jQ1VqRyk61VU,151133.0,4.0,2023-08-12 19:33:37.138690,319,,
0.659,0.891,7.0,-3.143,0.0,0.0259,0.128,0.0,0.0999,0.583,138.989,0HTyWmZkeC8nlGsPhmYt3I,184333.0,4.0,2023-08-12 19:33:37.303124,320,,
0.564,0.959,2.0,-2.188,1.0,0.0573,0.00382,1.47e-05,0.123,0.689,88.464,5SnZUz8xAAWMlMTzDrjZxX,218147.0,4.0,2023-08-12 19:33:37.460834,321,,
0.458,0.746,11.0,-9.444,0.0,0.0318,0.0351,0.0,0.172,0.511,166.095,4rJdaSwOCHLBhxdMsymeMw,368320.0,4.0,2023-08-12 19:33:37.617512,322,,
0.706,0.717,0.0,-8.108,1.0,0.0379,0.15,0.0,0.132,0.559,134.184,41ZRXzPrNtJTrjd7GVCiLA,292240.0,4.0,2023-08-12 19:33:37.772003,323,,
0.521,0.852,6.0,-5.014,0.0,0.0624,0.0835,0.0,0.365,0.523,151.012,3xiNRrrVROKlHrflHGNTfG,285040.0,4.0,2023-08-12 19:33:37.944131,324,,
0.739,0.748,7.0,-3.806,0.0,0.0269,0.355,2.54e-06,0.177,0.822,132.86,5SMdW9cbM4wTMMPI8Ck08a,306240.0,4.0,2023-08-12 19:33:38.103261,325,,
0.565,0.87,0.0,-3.895,1.0,0.0409,0.252,0.000162,0.526,0.886,145.164,5LlXYUfSei584BdUJ05Lo3,375120.0,4.0,2023-08-12 19:33:38.272770,326,,
0.714,0.941,0.0,-3.253,1.0,0.0371,0.0285,0.0,0.0941,0.965,134.264,0xxv5pPetomF3e7kB8Pw9a,274906.0,4.0,2023-08-12 19:33:38.435057,327,,
0.69,0.842,6.0,-7.683,0.0,0.0302,0.141,0.0158,0.238,0.951,150.042,2GvlIZHqSDyXQgf5hWXsOd,277867.0,4.0,2023-08-12 19:33:38.598098,328,,
0.589,0.872,7.0,-5.231,1.0,0.037,0.0658,0.000493,0.329,0.982,168.008,25uN86jLVXNnusQDA3il8S,198893.0,4.0,2023-08-12 19:33:38.751858,329,,
0.591,0.955,7.0,-3.979,0.0,0.0536,0.06,1.36e-05,0.183,0.714,150.214,6YBBChCWBs546BtgxTtKqA,318746.0,4.0,2023-08-12 19:33:38.922243,330,,
0.456,0.991,0.0,-2.848,1.0,0.0437,0.222,0.00014,0.298,0.967,176.545,0CfKsyQqHcZQq8RoNDii82,145093.0,4.0,2023-08-12 19:33:39.081127,331,,
0.407,0.821,9.0,-9.159,0.0,0.0717,0.131,9.99e-05,0.987,0.689,145.932,2FtPNLwsFxH35MHGUjqM48,284587.0,4.0,2023-08-12 19:33:39.240430,332,,
0.773,0.67,2.0,-9.026,0.0,0.0843,0.0933,0.00193,0.174,0.556,149.981,6SoVWNngePBvujtaoLxOgO,220867.0,4.0,2023-08-12 19:33:39.399813,333,,
0.559,0.881,11.0,-4.722,0.0,0.0654,0.0558,0.00102,0.276,0.756,171.938,4GkWN0aRGs5Ip4cQiiI7Pf,224133.0,4.0,2023-08-12 19:33:39.559450,334,,
0.822,0.757,9.0,-6.884,0.0,0.0274,0.216,0.0047,0.0814,0.962,136.043,46kp7Rjd1AEssxlIgtCZ39,270227.0,4.0,2023-08-12 19:33:39.717844,335,,
0.447,0.827,5.0,-5.215,0.0,0.0743,0.0101,4.73e-06,0.102,0.555,167.899,2w6adV1U4TUjkcAplbCpwQ,230707.0,4.0,2023-08-12 19:33:39.894945,336,,
0.681,0.815,7.0,-5.761,0.0,0.0424,0.0971,0.000252,0.125,0.577,143.953,37iUUEXzfIuENDocwZpVjX,368760.0,4.0,2023-08-12 19:33:40.052796,337,,
0.686,0.775,7.0,-6.238,0.0,0.0276,0.00827,0.000185,0.476,0.828,110.039,3K6mMLar17rUy9nebrVIEO,236413.0,4.0,2023-08-12 19:33:40.233510,338,,
0.697,0.537,5.0,-13.436,1.0,0.039,0.0101,0.000433,0.0792,0.504,140.136,36j2mLDy4nPQRnvst4moR4,331827.0,4.0,2023-08-12 19:33:40.398541,339,,
0.745,0.839,2.0,-3.89,1.0,0.0455,0.0754,1.48e-06,0.336,0.591,147.024,7J7bX7VhjPz52eWGaGFaEA,184867.0,4.0,2023-08-12 19:33:40.561811,340,,
0.601,0.647,9.0,-9.86,1.0,0.0321,0.00241,0.000514,0.116,0.968,170.043,1IFJBxdF0CDBYxCCRsV5Rr,181373.0,4.0,2023-08-12 19:33:40.740371,341,,
0.587,0.654,5.0,-9.066,1.0,0.0457,0.00604,0.000204,0.0967,0.567,144.123,0Y5vEVsxJLsXdBTTV6WW0O,333907.0,4.0,2023-08-12 19:33:40.923111,342,,
0.45,0.812,7.0,-5.75,1.0,0.0896,0.153,8.6e-06,0.39,0.685,168.326,5s9gh7ukA1Ya9R454r18IQ,293307.0,4.0,2023-08-12 19:33:41.085385,343,,
0.484,0.941,0.0,-3.736,1.0,0.0491,0.0367,1.2e-05,0.118,0.707,177.566,4RNfKtZvbqu5tixgWszQMD,212053.0,4.0,2023-08-12 19:33:41.298623,344,,
0.615,0.885,0.0,-8.611,1.0,0.0375,0.0102,1.89e-05,0.0981,0.604,154.026,3ZC3K3ec5NyLLVO6gSqqmf,196493.0,4.0,2023-08-12 19:33:41.454319,345,,
0.403,0.893,9.0,-2.735,0.0,0.0474,0.437,0.000173,0.11,0.527,141.194,4kJP8Z888wREJ8bRMWNMuk,243320.0,4.0,2023-08-12 19:33:41.633477,346,,
0.433,0.638,6.0,-9.331,0.0,0.0517,0.226,0.0862,0.119,0.35,137.81,6DWAOntbxkpsgKs9iJDEhW,494773.0,4.0,2023-08-12 19:33:41.799594,347,,
0.435,0.899,4.0,-3.84,0.0,0.0656,0.0392,0.000447,0.115,0.377,150.546,5HSpMRUC4m3L3q48to2Kmu,281667.0,4.0,2023-08-12 19:33:42.006250,348,,
0.466,0.629,7.0,-4.684,1.0,0.0421,0.279,0.436,0.141,0.396,132.663,6BxCmy6vGbuOckxg6YfQOW,207987.0,4.0,2023-08-12 19:33:42.170241,349,,
0.562,0.902,4.0,-7.528,0.0,0.0536,0.0121,0.136,0.415,0.544,111.127,7LCUy5LoikLKEBeyVqCd3s,234168.0,4.0,2023-08-12 19:33:42.333572,350,,
0.357,0.518,11.0,-10.422,0.0,0.0344,0.469,0.178,0.187,0.192,153.595,7qXpGAur9Lx3ysYBs4He6j,450547.0,4.0,2023-08-12 19:33:42.526843,351,,
0.277,0.958,9.0,-2.639,0.0,0.139,0.0274,0.801,0.11,0.308,189.741,30M1XJhkJdkGrgXZ1TpXSS,322880.0,4.0,2023-08-12 19:33:42.698137,352,,
0.316,0.645,7.0,-6.206,1.0,0.0431,0.291,0.00312,0.109,0.467,160.399,4z2EeFUp5Lhai9qhHtA6IF,318987.0,4.0,2023-08-12 19:33:42.861758,353,,
0.412,0.754,7.0,-6.591,1.0,0.0783,0.35,0.00156,0.0614,0.502,158.172,47mkNEdDxgp89XMETs9mtp,342787.0,4.0,2023-08-12 19:33:43.056803,354,,
0.506,0.709,4.0,-9.02,0.0,0.0497,0.00919,0.0336,0.148,0.718,135.157,3O9xOAPwHjKKrRqL6LgTLI,369907.0,4.0,2023-08-12 19:33:43.263592,355,,
0.512,0.458,7.0,-8.993,1.0,0.0282,0.00771,0.399,0.109,0.667,99.092,4p16QRkQMGSuI96QeOyilU,457920.0,4.0,2023-08-12 19:33:43.424473,356,,
0.391,0.693,7.0,-5.37,1.0,0.0335,0.563,0.00773,0.154,0.549,149.778,2dfqWgYQVWqF1DJUWc8EoL,359547.0,4.0,2023-08-12 19:33:43.586266,357,,
0.328,0.987,7.0,-1.812,0.0,0.183,0.0442,0.0691,0.353,0.281,191.91,3WK3ejrcg2sOILqcxYaykU,323227.0,4.0,2023-08-12 19:33:43.747114,358,,
0.642,0.677,11.0,-5.488,0.0,0.0334,0.128,0.00414,0.108,0.472,88.041,19YMl1jI5e4s5GsfCiLMrl,276427.0,4.0,2023-08-12 19:33:43.922739,359,,
0.366,0.796,9.0,-4.085,0.0,0.0607,0.0738,0.027,0.0503,0.94,80.467,1REM2DvMUO7c4bSSCowXum,222093.0,4.0,2023-08-12 19:33:44.081070,360,,
0.482,0.858,9.0,-3.946,1.0,0.0682,0.128,0.00564,0.0991,0.613,165.876,06LdeHlnBLBDUb87cgBef0,167840.0,4.0,2023-08-12 19:33:44.306440,361,,
0.553,0.691,0.0,-5.546,1.0,0.044,0.297,0.0106,0.149,0.744,152.305,1FKKvyrgMdJFwf0NdM7P5Q,281320.0,4.0,2023-08-12 19:33:44.465298,362,,
0.379,0.741,7.0,-7.636,1.0,0.116,0.506,0.0503,0.0784,0.325,159.282,68l33GWbkYY2I1ZiPodIyE,199960.0,4.0,2023-08-12 19:33:44.629926,363,,
0.316,0.844,2.0,-4.09,1.0,0.0567,0.0322,3.9e-05,0.155,0.546,170.453,5PPwm655zF0qaG28ybUfDI,251733.0,4.0,2023-08-12 19:33:44.795020,364,,
0.495,0.439,4.0,-7.269,0.0,0.0626,0.0512,0.193,0.261,0.269,81.658,1utwDyQnj11yZEAab7Uvbc,283493.0,4.0,2023-08-12 19:33:44.967291,365,,
0.547,0.94,11.0,-5.13,0.0,0.0796,0.0676,0.000212,0.0657,0.729,180.09,3C3EQeacSrIsdYdPl921qk,234106.0,4.0,2023-08-12 19:33:45.129118,366,,
0.376,0.963,11.0,-4.076,0.0,0.17,0.00443,0.0,0.269,0.487,93.733,3ePinNl3ZVyZYfz7FcrY6x,241560.0,4.0,2023-08-12 19:33:45.300946,367,,
0.338,0.787,7.0,-6.317,1.0,0.0514,0.0285,0.000165,0.0887,0.388,170.009,58KZJ5eFXvAbEd96QaGHKb,287866.0,4.0,2023-08-12 19:33:45.482433,368,,
0.349,0.704,0.0,-6.628,1.0,0.0645,0.0158,0.0521,0.132,0.607,179.211,17LM7c7F3XMXSkXJKEN7CG,288253.0,4.0,2023-08-12 19:33:45.640074,369,,
0.745,0.466,4.0,-7.62,0.0,0.0864,0.00666,0.35,0.272,0.303,123.889,3m6KkYKdnbffMpGd9Pm9FP,231920.0,4.0,2023-08-12 19:33:45.806239,370,,
0.591,0.939,10.0,-4.911,0.0,0.0533,0.000156,0.0111,0.0882,0.856,150.249,6U5hUX40OWY6l0HaPUWElZ,200400.0,4.0,2023-08-12 19:33:48.099477,384,,
0.458,0.972,0.0,-5.184,1.0,0.0575,0.00763,0.000162,0.115,0.404,141.615,5pitIaWekrv2IqkOuKgAbi,343773.0,4.0,2023-08-12 19:33:48.764445,388,,
0.644,0.664,9.0,-8.398,1.0,0.0332,0.048,0.867,0.342,0.53,124.726,2VEZx7NWsZ1D0eJ4uv5Fym,301373.0,4.0,2023-08-12 19:33:51.132090,403,,
0.548,0.816,2.0,-4.478,1.0,0.0499,0.0104,0.0543,0.152,0.857,174.993,1595LW73XBxkRk2ciQOHfr,137760.0,4.0,2023-08-12 19:34:03.932401,482,,
0.653,0.966,9.0,-4.236,0.0,0.0598,0.00287,0.0026,0.143,0.874,126.921,2T3blUc9Jnui2a0ZhuNOag,209267.0,4.0,2023-08-12 19:34:06.853796,500,,
0.44,0.932,3.0,-4.488,0.0,0.0584,0.0102,0.0,0.142,0.495,157.438,1YrJCGCuGZQFBwTb6gwIEM,303920.0,4.0,2023-08-12 19:34:07.037403,501,,
0.81,0.793,6.0,-9.404,0.0,0.0403,0.0378,1.77e-06,0.072,0.863,116.05,69kOkLUCkxIZYexIgSG8rq,369627.0,4.0,2023-08-12 19:34:07.214399,502,,
0.807,0.51,0.0,-9.729,1.0,0.0433,0.041,0.115,0.104,0.961,130.118,0IedgQjjJ8Ad4B3UDQ5Lyn,279773.0,4.0,2023-08-12 19:34:07.413813,503,,
0.29,0.412,6.0,-12.659,0.0,0.0458,0.477,0.0839,0.079,0.12,90.539,7oaEjLP2dTJLJsITbAxTOz,498960.0,4.0,2023-08-12 19:34:07.569194,504,,
0.442,0.893,0.0,-4.878,1.0,0.0505,0.00844,0.0,0.529,0.712,148.119,12qZHAeOyTf93YAWvGDTat,168000.0,4.0,2023-08-12 19:34:07.727183,505,,
0.398,0.954,6.0,-7.373,1.0,0.0715,0.0133,0.000218,0.0891,0.433,157.766,1hWrl3T1kIH5b9zRHLfCOn,148573.0,4.0,2023-08-12 19:34:07.889761,506,,
0.416,0.955,9.0,-4.677,1.0,0.102,0.000366,0.0,0.0712,0.887,193.135,4JkAksOGGSferXHyr4qm7g,171067.0,4.0,2023-08-12 19:34:08.052983,507,,
0.574,0.917,0.0,-4.505,1.0,0.0483,0.000579,0.0,0.177,0.855,95.663,7khksFCzd2QheN68ZHa2SU,171120.0,4.0,2023-08-12 19:34:08.222640,508,,
0.414,0.404,0.0,-9.928,0.0,0.0499,0.271,0.0,0.3,0.224,71.105,1AhDOtG9vPSOmsWgNW0BEY,354320.0,4.0,2023-08-12 19:34:08.395621,509,,
0.692,0.497,2.0,-7.316,1.0,0.119,0.676,0.0,0.259,0.475,81.308,4pbJqGIASGPr0ZpGpnWkDn,122067.0,4.0,2023-08-12 19:34:08.560342,510,,
0.559,0.868,5.0,-5.276,1.0,0.17,0.0475,0.000176,0.776,0.609,156.295,5T8EDUDqKcs6OSOwEsfqG7,209413.0,4.0,2023-08-12 19:34:08.713949,511,,
0.933,0.528,5.0,-6.472,0.0,0.161,0.112,0.312,0.163,0.754,109.967,5vdp5UmvTsnMEMESIF2Ym7,214653.0,4.0,2023-08-12 19:34:08.871905,512,,
0.796,0.43,4.0,-8.994,1.0,0.0325,0.0869,0.000343,0.0776,0.559,108.959,4ue5ET9msGNJSO6sSbrCVE,258000.0,4.0,2023-08-12 19:34:09.025964,513,,
0.671,0.712,2.0,-7.815,1.0,0.0476,0.429,0.0,0.103,0.462,113.805,2fuCquhmrzHpu5xcA1ci9x,248440.0,4.0,2023-08-12 19:34:09.179916,514,,
0.461,0.69,8.0,-6.958,1.0,0.0611,0.169,1.01e-06,0.113,0.353,110.915,3vCHmbyOgc6pgwLUWfU4pF,296480.0,3.0,2023-08-12 19:34:09.377716,515,,
0.719,0.597,5.0,-5.964,0.0,0.106,0.485,0.0,0.0762,0.651,144.99,4B6ko7lt1sUtyFzBDF4yfK,246240.0,4.0,2023-08-12 19:34:09.572631,516,,
0.56,0.918,6.0,-4.399,0.0,0.0735,0.132,2.4e-06,0.435,0.743,135.251,740Rh302Wm6uHRsYTa4KDQ,227667.0,4.0,2023-08-12 19:34:09.736020,517,,
0.594,0.884,9.0,-4.29,1.0,0.125,0.508,0.0,0.311,0.615,148.015,0fmASfcJJ6N8hTvGTa8Hhi,283733.0,4.0,2023-08-12 19:34:09.897337,518,,
0.77,0.835,10.0,-5.846,1.0,0.0619,0.104,0.0,0.287,0.895,104.876,1pkGoq3iGYec7DhPUuaNHA,304467.0,4.0,2023-08-12 19:34:10.048033,519,,
0.752,0.718,8.0,-5.097,0.0,0.0383,0.2,0.0,0.0583,0.769,132.919,3Z63hIIqZuJDHXoA4SRmVb,289760.0,4.0,2023-08-12 19:34:10.210089,520,,
0.696,0.575,1.0,-5.769,0.0,0.0308,0.199,5.96e-06,0.133,0.384,124.027,5TEhrKGfl4e2zB3HAevrkV,296893.0,4.0,2023-08-12 19:34:10.368503,521,,
0.629,0.846,8.0,-4.398,1.0,0.0557,0.56,0.0,0.0566,0.77,135.057,23E6DbN4GMJ2Ffpn6f9qXf,268560.0,4.0,2023-08-12 19:34:10.528695,522,,
0.469,0.921,5.0,-5.736,0.0,0.0386,5.88e-05,0.0481,0.276,0.519,131.862,37tn2j1scmBwBBRPNGtG2Y,223773.0,4.0,2023-08-12 19:34:10.684760,523,,
0.226,0.775,0.0,-7.727,0.0,0.0656,0.00656,0.0566,0.439,0.395,179.934,6PlnoComXUoZs8CEHqTeac,269213.0,3.0,2023-08-12 19:34:10.867818,524,,
0.374,0.731,7.0,-8.115,1.0,0.0506,0.00287,0.0,0.68,0.23,200.037,4YNPLpc0lUMvlNmCCtH73U,327030.0,4.0,2023-08-12 19:34:11.040907,525,,
0.499,0.697,7.0,-5.679,0.0,0.0324,0.13,1.86e-06,0.11,0.157,121.983,4R7hYolmCEj4LU4zyFen07,372169.0,4.0,2023-08-12 19:34:11.202763,526,,
0.732,0.777,1.0,-6.24,1.0,0.081,0.00247,5.41e-06,0.0404,0.935,109.966,1uc250N3EwuwYdAhYzuTAD,244047.0,4.0,2023-08-12 19:34:11.362943,527,,
0.54,0.948,7.0,-4.781,0.0,0.127,0.116,0.0,0.287,0.857,165.015,2lGERMfn9SntWgTTAbvsVv,156224.0,4.0,2023-08-12 19:34:11.521861,528,,
0.514,0.955,0.0,-6.259,0.0,0.0566,0.192,0.0,0.0696,0.245,89.978,29J8Yvv5NPoJoBrGqpCf6R,216640.0,4.0,2023-08-12 19:34:11.684713,529,,
0.578,0.932,0.0,-6.379,1.0,0.0437,0.021,2.02e-06,0.335,0.632,95.005,5OVB33VsibbLKB99zwxJWv,307907.0,4.0,2023-08-12 19:34:11.850866,530,,
0.672,0.74,2.0,-7.704,1.0,0.0387,0.000679,0.0,0.135,0.309,129.997,5CKisI14f3K2Cz8X1fMS1B,170027.0,4.0,2023-08-12 19:34:12.014890,531,,
0.54,0.786,0.0,-7.988,0.0,0.0365,0.0126,0.000977,0.105,0.325,104.952,3zxxQBfPmClEReL8m6l3QX,252819.0,4.0,2023-08-12 19:34:12.168129,532,,
0.678,0.772,10.0,-7.836,0.0,0.066,0.00518,1.53e-05,0.267,0.446,145.115,248GYDCifrXUazKiDsS7Cw,259413.0,4.0,2023-08-12 19:34:12.331773,533,,
0.74,0.648,9.0,-8.136,0.0,0.0427,0.0957,0.0,0.507,0.713,140.106,6HIWLZn3KvB6M0UKPUgFEE,237215.0,4.0,2023-08-12 19:34:12.491780,534,,
0.582,0.763,0.0,-8.012,1.0,0.0439,0.00039,1.42e-06,0.39,0.723,137.941,4dMuGX4IpvYh1h1LZKbGBa,158732.0,4.0,2023-08-12 19:34:12.666902,535,,
0.685,0.721,4.0,-8.009,1.0,0.0375,0.0229,0.0776,0.332,0.479,127.97,2y7jHbps1YvGJ2FxkwvR3g,247618.0,4.0,2023-08-12 19:34:12.819809,536,,
0.477,0.854,0.0,-7.553,0.0,0.0525,0.00378,0.664,0.308,0.269,139.917,6eNjknBN5Qex5tHY7thILO,127227.0,4.0,2023-08-12 19:34:12.977516,537,,
0.468,0.764,9.0,-7.856,1.0,0.0539,0.0105,0.00386,0.0789,0.539,175.092,78okUdoTdSwR5Saim4hH5V,173827.0,4.0,2023-08-12 19:34:13.139522,538,,
0.364,0.692,8.0,-8.384,1.0,0.0381,4.1e-05,0.68,0.216,0.398,140.096,27VEA3W8lyVPFb5JsTzULc,241440.0,4.0,2023-08-12 19:34:13.307844,539,,
0.568,0.925,10.0,-5.774,1.0,0.219,0.112,0.0,0.21,0.511,174.735,79TwgdjYp1tL4pY9Pqyt8c,153600.0,4.0,2023-08-12 19:34:13.519959,540,,
0.61,0.807,2.0,-5.702,1.0,0.0565,0.0355,0.0,0.327,0.465,95.987,7KU6krg5L7JRGO28yVjaA3,248200.0,4.0,2023-08-12 19:34:13.682041,541,,
0.805,0.44,9.0,-6.934,0.0,0.0298,0.452,0.0,0.108,0.829,107.985,5nenV4D7Yw2efQxItXOasH,241960.0,4.0,2023-08-12 19:34:13.843561,542,,
0.645,0.876,4.0,-5.416,1.0,0.0397,0.000707,0.0,0.159,0.235,142.001,6UoGqNlDrHnI3WvhEFCvYz,202320.0,4.0,2023-08-12 19:34:14.004684,543,,
0.56,0.965,9.0,-3.179,1.0,0.0649,0.0708,1.19e-06,0.112,0.858,157.942,27gdTinnpIlw9SO6M1bdGV,219773.0,4.0,2023-08-12 19:34:14.226941,544,,
0.715,0.903,2.0,-3.566,0.0,0.0423,0.0671,1.29e-06,0.209,0.754,112.968,0qLNAiYkpWFGKS8T8yDXsb,268373.0,4.0,2023-08-12 19:34:14.393356,545,,
0.694,0.915,4.0,-5.618,1.0,0.0495,0.0469,0.0,0.176,0.858,111.936,4BSRbAxg7Pg1GCnv5B76oY,174813.0,4.0,2023-08-12 19:34:14.547553,546,,
0.72,0.479,1.0,-8.781,1.0,0.032,0.74,0.0159,0.681,0.852,107.473,1MmGTsPVHDjhM5BJLvkFRL,280053.0,4.0,2023-08-12 19:34:14.713032,547,,
0.557,0.907,0.0,-5.237,1.0,0.0575,0.0295,2.67e-05,0.697,0.856,116.929,7n3vJc7HYnvqo8Gn7FnXJh,213573.0,4.0,2023-08-12 19:34:14.879921,548,,
0.475,0.875,4.0,-5.11,1.0,0.0311,0.00416,9.66e-05,0.222,0.59,149.993,3ZxQL8O5L6CHLepS3uvaET,201250.0,4.0,2023-08-12 19:34:15.053536,549,,
0.474,0.955,0.0,-5.414,1.0,0.0872,0.0488,5.83e-05,0.113,0.585,168.262,6yBHR0esuWE4zr0A02qeKY,189453.0,4.0,2023-08-12 19:34:15.211838,550,,
0.564,0.705,7.0,-6.158,1.0,0.0344,0.115,1.62e-05,0.104,0.202,102.135,3Ti0O0JrzCJ3Hxdgg6YI1V,182125.0,4.0,2023-08-12 19:34:15.367629,551,,
0.434,0.669,0.0,-7.793,0.0,0.0569,0.0495,0.0291,0.149,0.323,133.8,6TXWztLIrgQU9tRcBrZlxy,509493.0,4.0,2023-08-12 19:34:15.532158,552,,
0.442,0.779,5.0,-5.392,0.0,0.0394,0.00969,0.000539,0.113,0.203,100.969,5CGVq1l0UvZ7WkbW9hA4lj,602080.0,3.0,2023-08-12 19:34:15.701782,553,,
0.461,0.994,4.0,-3.413,1.0,0.0429,3.08e-05,9.92e-06,0.156,0.751,162.171,72arBimTMao2pv0lskTwkR,184907.0,4.0,2023-08-12 19:34:15.863853,554,,
0.395,0.875,2.0,-3.2,1.0,0.0459,7.16e-05,6.8e-06,0.111,0.824,187.169,0h4DbMUePC9a4cq7O6PPqY,174973.0,4.0,2023-08-12 19:34:16.017195,555,,
0.429,0.915,11.0,-5.307,1.0,0.0671,0.0039,0.0,0.362,0.669,183.771,4Pb6cFstmgs4E5PIJ5oMd5,237293.0,4.0,2023-08-12 19:34:16.210627,556,,
0.44,0.961,2.0,-4.015,1.0,0.0625,0.000195,0.00033,0.0986,0.697,166.133,4GaowROnRyHmr1RdAy17qK,213840.0,4.0,2023-08-12 19:34:16.374471,557,,
0.279,0.664,9.0,-8.851,1.0,0.0371,0.000389,0.000655,0.133,0.49,104.56,0ancVQ9wEcHVd0RrGICTE4,237027.0,4.0,2023-08-12 19:34:16.542505,558,,
0.627,0.847,0.0,-3.186,1.0,0.0264,0.139,0.000154,0.709,0.637,121.975,6pVmnP2zpWqmMTHiwUnpqq,281306.0,4.0,2023-08-12 19:34:16.706342,559,,
0.532,0.944,2.0,-3.422,1.0,0.0537,0.00626,0.0,0.303,0.76,130.982,6JnaWDsQ5FmA9BLpAIgAiG,224346.0,4.0,2023-08-12 19:34:16.885701,560,,
0.631,0.879,6.0,-5.476,0.0,0.0324,0.329,0.000378,0.0805,0.847,156.12,7H0PDJwUMTdwQEBb3gXMeI,232640.0,4.0,2023-08-12 19:34:17.052690,561,,
0.725,0.79,9.0,-4.393,0.0,0.102,0.0646,0.00883,0.121,0.867,151.985,4LRDZaIVfswrBGRaKYq0Dq,197320.0,4.0,2023-08-12 19:34:17.220816,562,,
0.748,0.836,9.0,-6.816,1.0,0.0434,0.137,0.0,0.114,0.954,135.779,2AkbsFPFjvUPgkdHGH8WXv,263747.0,4.0,2023-08-12 19:34:17.377016,563,,
0.784,0.592,0.0,-8.912,1.0,0.033,0.00937,0.000695,0.346,0.787,95.008,5UCfyzONO8rwHz2uMtiW0r,218707.0,4.0,2023-08-12 19:34:17.533080,564,,
0.54,0.804,2.0,-7.112,1.0,0.0425,0.078,0.171,0.115,0.347,129.088,5nWbbQ0sIEabqPxAdqmh66,234680.0,4.0,2023-08-12 19:34:17.710316,565,,
0.638,0.924,7.0,-3.887,1.0,0.036,0.00205,0.000175,0.149,0.53,111.995,69uxyAqqPIsUyTO8txoP2M,263787.0,4.0,2023-08-12 19:34:17.872932,566,,
0.557,0.442,5.0,-7.224,1.0,0.0243,0.731,1.46e-05,0.11,0.213,146.277,75JFxkI2RXiU7L9VXzMkle,309600.0,4.0,2023-08-12 19:34:18.040094,567,,
0.545,0.675,6.0,-6.474,1.0,0.0279,0.00617,0.00197,0.209,0.162,124.97,0FDzzruyVECATHXKHFs9eJ,267867.0,4.0,2023-08-12 19:34:18.231818,568,,
0.429,0.661,11.0,-7.227,1.0,0.0281,0.00239,0.000121,0.234,0.285,173.372,3AJwUDP919kvQ9QcozQPxg,266773.0,4.0,2023-08-12 19:34:18.416301,569,,
0.577,0.749,5.0,-7.215,0.0,0.0279,0.599,0.0115,0.183,0.255,130.97,0BCPKOYdS2jbQ8iyB56Zns,307880.0,4.0,2023-08-12 19:34:18.584625,570,,
0.602,0.612,0.0,-8.409,1.0,0.0335,0.206,0.00607,0.107,0.453,122.062,2QhURnm7mQDxBb5jWkbDug,136867.0,4.0,2023-08-12 19:34:18.746270,571,,
0.465,0.757,7.0,-4.035,1.0,0.0327,0.015,1.64e-06,0.176,0.49,124.227,6Ge9WWJEIdtDV8XHKdocK8,237000.0,4.0,2023-08-12 19:34:18.902639,572,,
0.491,0.87,9.0,-5.99,1.0,0.0308,0.00361,0.126,0.184,0.814,124.444,4er8NyQ8cFnZ2b643Tjc44,224800.0,4.0,2023-08-12 19:34:19.062434,573,,
0.62,0.943,9.0,-5.785,1.0,0.0516,0.0724,0.0,0.11,0.913,102.94,4mfYqKePnqZdnX9pSBrb2m,153800.0,4.0,2023-08-12 19:34:19.239882,574,,
0.471,0.888,7.0,-7.242,1.0,0.0306,0.19,0.0566,0.118,0.944,136.595,1H930Jlys8HlV683LyQMIj,153507.0,4.0,2023-08-12 19:34:19.429276,575,,
0.427,0.724,11.0,-10.435,1.0,0.0606,0.495,0.00305,0.733,0.521,158.041,1grrnS9sDEqZHvP2WeaqLK,209960.0,4.0,2023-08-12 19:34:19.593808,576,,
0.549,0.585,9.0,-11.278,1.0,0.0355,0.144,0.0301,0.839,0.341,128.976,40rEPtUkvyYqTIG7eM2vUr,319147.0,4.0,2023-08-12 19:34:19.764603,577,,
0.608,0.843,8.0,-6.867,0.0,0.0485,0.0464,2.81e-06,0.514,0.413,132.956,3Pbttw1eIp21k6kH69Qkrh,307547.0,4.0,2023-08-12 19:34:19.937547,578,,
0.628,0.716,7.0,-7.117,1.0,0.0288,0.021,3.79e-06,0.751,0.724,120.057,6sAlDwTzlIvFel9WWECVCz,221640.0,4.0,2023-08-12 19:34:20.092120,579,,
0.56,0.791,5.0,-5.739,1.0,0.0269,0.00838,6.14e-06,0.135,0.811,130.042,5YxjBW8oHgn6yC3pGc63p8,260187.0,4.0,2023-08-12 19:34:20.253294,580,,
0.645,0.733,4.0,-4.383,1.0,0.0297,0.246,7.84e-05,0.132,0.686,134.974,5GHdBTmbMslDU7i1JYK7qI,283413.0,4.0,2023-08-12 19:34:20.450208,581,,
0.589,0.639,11.0,-7.124,1.0,0.029,0.0563,2.97e-05,0.112,0.574,124.001,2BQ3clFvYOPqg1YCS2NQ6O,281587.0,4.0,2023-08-12 19:34:20.613105,582,,
0.72,0.372,7.0,-13.446,1.0,0.0354,0.672,0.904,0.108,0.229,117.011,4tCr6S53H5iXy8MrMYr9kJ,182747.0,4.0,2023-08-12 19:34:20.771913,583,,
0.547,0.768,9.0,-6.07,1.0,0.0298,0.0947,1.64e-06,0.306,0.737,151.939,7vAmuq5FqW508kNqJ9noEF,175493.0,4.0,2023-08-12 19:34:20.930424,584,,
0.639,0.69,7.0,-10.047,1.0,0.264,0.0265,0.000551,0.146,0.579,119.63,2oX46s90nkZtTbCowHiWVs,199600.0,4.0,2023-08-12 19:34:21.082176,585,,
0.878,0.724,10.0,-5.373,0.0,0.129,0.168,0.0116,0.133,0.904,121.906,5sS4g0adkAUXvLJHQ1i2kj,295400.0,4.0,2023-08-12 19:34:21.241815,586,,
0.799,0.69,11.0,-4.998,0.0,0.0749,0.0119,2.87e-05,0.133,0.896,129.297,0a0KZCfAVPiPs09O6cv4Eo,224493.0,4.0,2023-08-12 19:34:21.407029,587,,
0.7,0.865,9.0,-5.827,0.0,0.133,0.0136,7.56e-05,0.0718,0.78,128.04,0RWqE2ZaulvnN1i40qIhDh,331760.0,4.0,2023-08-12 19:34:21.615145,588,,
0.736,0.866,1.0,-6.729,1.0,0.0535,0.0122,0.542,0.0579,0.582,120.016,0g9EZ1WKO6fsKNSEltL6JJ,315800.0,4.0,2023-08-12 19:34:21.770089,589,,
0.633,0.921,11.0,-7.719,0.0,0.0495,0.0261,0.00102,0.309,0.925,119.865,3nrVwwePAYIRzUNH9ig6mO,244147.0,4.0,2023-08-12 19:34:21.930171,590,,
0.504,0.786,1.0,-5.526,0.0,0.0369,0.0239,0.00141,0.125,0.487,170.056,1UtshH7IfadhUcsEKwECBI,241893.0,4.0,2023-08-12 19:34:22.108043,591,,
0.478,0.963,6.0,-4.664,1.0,0.035,6.18e-05,0.00213,0.113,0.278,91.636,1wlT5JXl2GgNkbrR3T1o3l,311893.0,4.0,2023-08-12 19:34:22.269740,592,,
0.507,0.902,8.0,-6.397,0.0,0.114,0.000273,2.06e-05,0.0815,0.566,182.107,2WehJ5GORJXh7Olne2dy3P,287747.0,4.0,2023-08-12 19:34:22.459580,593,,
0.479,0.941,3.0,-4.666,0.0,0.0499,5.63e-05,2.19e-06,0.309,0.513,85.011,1btcrhaqPvn5AmGo73WZ8m,258547.0,4.0,2023-08-12 19:34:22.626995,594,,
0.419,0.98,9.0,-4.114,0.0,0.262,0.109,0.024,0.0642,0.0741,160.065,1gqoZHSxQonfPvS8PracFY,366434.0,4.0,2023-08-12 19:34:22.792612,595,,
0.262,0.8,8.0,-4.188,0.0,0.0528,0.0205,4.59e-05,0.0866,0.564,178.38,0xXrilzdfW5aBsUXuriz8p,264893.0,4.0,2023-08-12 19:34:22.950163,596,,
0.529,0.888,6.0,-5.944,1.0,0.0515,0.000365,0.00683,0.169,0.541,110.006,2yAEm8OTFYqMwXECyQkLUt,275273.0,4.0,2023-08-12 19:34:23.118997,597,,
0.419,0.958,9.0,-4.865,0.0,0.0922,0.112,3.21e-05,0.981,0.354,133.174,5EqUduTI9mHLFSZejPi9m0,257107.0,4.0,2023-08-12 19:34:23.697791,599,,
0.782,0.808,2.0,-8.374,1.0,0.0291,0.0298,0.0,0.161,0.971,104.983,1DzQvaFztN7CnbqcXOO5k0,176592.0,4.0,2023-08-12 19:36:06.766915,400,,
0.641,0.892,0.0,-2.812,0.0,0.0303,0.255,1.01e-05,0.221,0.841,151.229,2ysXoU4TaFyoLI8xoNLVjs,269373.0,4.0,2023-08-12 19:36:06.955267,401,,
0.435,0.899,4.0,-3.84,0.0,0.0656,0.0392,0.000447,0.115,0.377,150.546,6JxwjzxFlfkOB12ruL3sEI,281667.0,4.0,2023-08-12 19:36:07.123113,402,,
0.269,0.903,2.0,-5.918,1.0,0.044,0.00367,0.00138,0.892,0.276,180.863,71LyOhYZFuRIZHtXmPr9WJ,269000.0,4.0,2023-08-12 19:36:07.274322,403,,
0.457,0.904,7.0,-4.67,1.0,0.0659,0.015,5.01e-05,0.2,0.237,171.633,130IkeGT0cxy5gE1emsD9g,250093.0,4.0,2023-08-12 19:36:07.448906,404,,
0.443,0.923,0.0,-3.043,1.0,0.0709,0.00146,0.0,0.0868,0.554,146.082,7bPAELNS5zNE1eS2NFW00n,284960.0,4.0,2023-08-12 19:36:07.638382,405,,
0.546,0.821,1.0,-6.208,0.0,0.0303,0.0343,1.9e-06,0.294,0.757,159.906,77aZnChPZCiGGmmCZaukSE,244760.0,4.0,2023-08-12 19:36:07.822926,406,,
0.437,0.855,1.0,-5.172,1.0,0.075,0.0568,0.254,0.0429,0.584,189.856,5fN5bF3cEb6EHSadbzcALZ,267186.0,4.0,2023-08-12 19:36:07.999303,407,,
0.514,0.86,11.0,-9.275,0.0,0.0432,0.00079,0.211,0.172,0.502,147.961,2IWexyLDeIXR0ctQW5C1MZ,278707.0,4.0,2023-08-12 19:36:08.205387,408,,
0.397,0.784,4.0,-6.512,1.0,0.0522,0.000503,0.00193,0.0865,0.24,176.046,77ferUMbyzKveMfjcYJElt,262627.0,4.0,2023-08-12 19:36:08.391039,409,,
0.734,0.852,7.0,-5.632,0.0,0.0483,0.323,2.27e-05,0.421,0.89,149.976,3fSA7dPfYADcZuHO6nAMYw,267760.0,4.0,2023-08-12 19:36:08.552987,410,,
0.557,0.857,2.0,-3.809,1.0,0.0489,0.00531,0.0,0.115,0.647,95.025,2ralFXS7KCD1xhjzMPrTBU,208840.0,4.0,2023-08-12 19:36:08.717274,411,,
0.418,0.969,2.0,-4.758,0.0,0.138,0.000373,0.00845,0.156,0.368,183.051,6wkvjvOQqnjJk4swrdjY0O,220427.0,4.0,2023-08-12 19:36:08.881788,412,,
0.523,0.764,9.0,-8.761,1.0,0.0355,0.000643,0.0042,0.414,0.741,196.026,2Uus6w0WZfgnbnvDvRnYEr,217280.0,4.0,2023-08-12 19:36:09.067120,413,,
0.526,0.887,10.0,-4.704,0.0,0.0457,0.208,1.51e-06,0.18,0.399,135.015,3u5FXpDHLwfuW0oZvfzChs,263400.0,4.0,2023-08-12 19:36:09.220228,414,,
0.611,0.866,0.0,-5.135,1.0,0.0285,0.0274,2.89e-05,0.278,0.826,114.016,7DPIYIsvSNXv6iG0KcR8YW,235333.0,4.0,2023-08-12 19:36:09.386226,415,,
0.436,0.912,11.0,-3.756,0.0,0.0382,0.0426,1.5e-06,0.0772,0.751,119.617,6KHWyuPUbVae8bpprkfYPK,258666.0,4.0,2023-08-12 19:36:09.542831,416,,
0.415,0.651,7.0,-4.643,0.0,0.0302,0.0164,0.0,0.111,0.281,155.17,4OeGTfPIF6sURCstaEqf4R,256213.0,4.0,2023-08-12 19:36:09.697383,417,,
0.467,0.9,2.0,-4.318,1.0,0.0378,0.000642,0.0,0.351,0.495,125.981,1GlXuyoUPb9r4Ez5cGMC6E,220840.0,4.0,2023-08-12 19:36:09.864752,418,,
0.572,0.956,11.0,-5.943,0.0,0.0797,0.0125,0.0,0.247,0.75,172.264,4IhO9QrMr4jQ1VqRyk61VU,151133.0,4.0,2023-08-12 19:36:10.031483,419,,
0.659,0.891,7.0,-3.143,0.0,0.0259,0.128,0.0,0.0999,0.583,138.989,0HTyWmZkeC8nlGsPhmYt3I,184333.0,4.0,2023-08-12 19:36:10.194188,420,,
0.564,0.959,2.0,-2.188,1.0,0.0573,0.00382,1.47e-05,0.123,0.689,88.464,5SnZUz8xAAWMlMTzDrjZxX,218147.0,4.0,2023-08-12 19:36:10.355925,421,,
0.458,0.746,11.0,-9.444,0.0,0.0318,0.0351,0.0,0.172,0.511,166.095,4rJdaSwOCHLBhxdMsymeMw,368320.0,4.0,2023-08-12 19:36:10.520531,422,,
0.706,0.717,0.0,-8.108,1.0,0.0379,0.15,0.0,0.132,0.559,134.184,41ZRXzPrNtJTrjd7GVCiLA,292240.0,4.0,2023-08-12 19:36:10.702135,423,,
0.521,0.852,6.0,-5.014,0.0,0.0624,0.0835,0.0,0.365,0.523,151.012,3xiNRrrVROKlHrflHGNTfG,285040.0,4.0,2023-08-12 19:36:10.889255,424,,
0.739,0.748,7.0,-3.806,0.0,0.0269,0.355,2.54e-06,0.177,0.822,132.86,5SMdW9cbM4wTMMPI8Ck08a,306240.0,4.0,2023-08-12 19:36:11.046138,425,,
0.565,0.87,0.0,-3.895,1.0,0.0409,0.252,0.000162,0.526,0.886,145.164,5LlXYUfSei584BdUJ05Lo3,375120.0,4.0,2023-08-12 19:36:11.208290,426,,
0.714,0.941,0.0,-3.253,1.0,0.0371,0.0285,0.0,0.0941,0.965,134.264,0xxv5pPetomF3e7kB8Pw9a,274906.0,4.0,2023-08-12 19:36:11.380249,427,,
0.69,0.842,6.0,-7.683,0.0,0.0302,0.141,0.0158,0.238,0.951,150.042,2GvlIZHqSDyXQgf5hWXsOd,277867.0,4.0,2023-08-12 19:36:11.579458,428,,
0.589,0.872,7.0,-5.231,1.0,0.037,0.0658,0.000493,0.329,0.982,168.008,25uN86jLVXNnusQDA3il8S,198893.0,4.0,2023-08-12 19:36:11.737368,429,,
0.591,0.955,7.0,-3.979,0.0,0.0536,0.06,1.36e-05,0.183,0.714,150.214,6YBBChCWBs546BtgxTtKqA,318746.0,4.0,2023-08-12 19:36:11.927652,430,,
0.456,0.991,0.0,-2.848,1.0,0.0437,0.222,0.00014,0.298,0.967,176.545,0CfKsyQqHcZQq8RoNDii82,145093.0,4.0,2023-08-12 19:36:12.089474,431,,
0.407,0.821,9.0,-9.159,0.0,0.0717,0.131,9.99e-05,0.987,0.689,145.932,2FtPNLwsFxH35MHGUjqM48,284587.0,4.0,2023-08-12 19:36:12.258599,432,,
0.773,0.67,2.0,-9.026,0.0,0.0843,0.0933,0.00193,0.174,0.556,149.981,6SoVWNngePBvujtaoLxOgO,220867.0,4.0,2023-08-12 19:36:12.433119,433,,
0.559,0.881,11.0,-4.722,0.0,0.0654,0.0558,0.00102,0.276,0.756,171.938,4GkWN0aRGs5Ip4cQiiI7Pf,224133.0,4.0,2023-08-12 19:36:12.598232,434,,
0.822,0.757,9.0,-6.884,0.0,0.0274,0.216,0.0047,0.0814,0.962,136.043,46kp7Rjd1AEssxlIgtCZ39,270227.0,4.0,2023-08-12 19:36:12.767831,435,,
0.447,0.827,5.0,-5.215,0.0,0.0743,0.0101,4.73e-06,0.102,0.555,167.899,2w6adV1U4TUjkcAplbCpwQ,230707.0,4.0,2023-08-12 19:36:12.923393,436,,
0.681,0.815,7.0,-5.761,0.0,0.0424,0.0971,0.000252,0.125,0.577,143.953,37iUUEXzfIuENDocwZpVjX,368760.0,4.0,2023-08-12 19:36:13.077353,437,,
0.686,0.775,7.0,-6.238,0.0,0.0276,0.00827,0.000185,0.476,0.828,110.039,3K6mMLar17rUy9nebrVIEO,236413.0,4.0,2023-08-12 19:36:13.245847,438,,
0.697,0.537,5.0,-13.436,1.0,0.039,0.0101,0.000433,0.0792,0.504,140.136,36j2mLDy4nPQRnvst4moR4,331827.0,4.0,2023-08-12 19:36:13.405113,439,,
0.745,0.839,2.0,-3.89,1.0,0.0455,0.0754,1.48e-06,0.336,0.591,147.024,7J7bX7VhjPz52eWGaGFaEA,184867.0,4.0,2023-08-12 19:36:13.559280,440,,
0.601,0.647,9.0,-9.86,1.0,0.0321,0.00241,0.000514,0.116,0.968,170.043,1IFJBxdF0CDBYxCCRsV5Rr,181373.0,4.0,2023-08-12 19:36:13.726365,441,,
0.587,0.654,5.0,-9.066,1.0,0.0457,0.00604,0.000204,0.0967,0.567,144.123,0Y5vEVsxJLsXdBTTV6WW0O,333907.0,4.0,2023-08-12 19:36:13.929296,442,,
0.45,0.812,7.0,-5.75,1.0,0.0896,0.153,8.6e-06,0.39,0.685,168.326,5s9gh7ukA1Ya9R454r18IQ,293307.0,4.0,2023-08-12 19:36:14.085392,443,,
0.484,0.941,0.0,-3.736,1.0,0.0491,0.0367,1.2e-05,0.118,0.707,177.566,4RNfKtZvbqu5tixgWszQMD,212053.0,4.0,2023-08-12 19:36:14.247999,444,,
0.615,0.885,0.0,-8.611,1.0,0.0375,0.0102,1.89e-05,0.0981,0.604,154.026,3ZC3K3ec5NyLLVO6gSqqmf,196493.0,4.0,2023-08-12 19:36:14.470328,445,,
0.403,0.893,9.0,-2.735,0.0,0.0474,0.437,0.000173,0.11,0.527,141.194,4kJP8Z888wREJ8bRMWNMuk,243320.0,4.0,2023-08-12 19:36:14.640362,446,,
0.433,0.638,6.0,-9.331,0.0,0.0517,0.226,0.0862,0.119,0.35,137.81,6DWAOntbxkpsgKs9iJDEhW,494773.0,4.0,2023-08-12 19:36:14.792538,447,,
0.435,0.899,4.0,-3.84,0.0,0.0656,0.0392,0.000447,0.115,0.377,150.546,5HSpMRUC4m3L3q48to2Kmu,281667.0,4.0,2023-08-12 19:36:14.956555,448,,
0.466,0.629,7.0,-4.684,1.0,0.0421,0.279,0.436,0.141,0.396,132.663,6BxCmy6vGbuOckxg6YfQOW,207987.0,4.0,2023-08-12 19:36:15.113047,449,,
0.562,0.902,4.0,-7.528,0.0,0.0536,0.0121,0.136,0.415,0.544,111.127,7LCUy5LoikLKEBeyVqCd3s,234168.0,4.0,2023-08-12 19:36:15.269950,450,,
0.357,0.518,11.0,-10.422,0.0,0.0344,0.469,0.178,0.187,0.192,153.595,7qXpGAur9Lx3ysYBs4He6j,450547.0,4.0,2023-08-12 19:36:15.436325,451,,
0.277,0.958,9.0,-2.639,0.0,0.139,0.0274,0.801,0.11,0.308,189.741,30M1XJhkJdkGrgXZ1TpXSS,322880.0,4.0,2023-08-12 19:36:15.598732,452,,
0.316,0.645,7.0,-6.206,1.0,0.0431,0.291,0.00312,0.109,0.467,160.399,4z2EeFUp5Lhai9qhHtA6IF,318987.0,4.0,2023-08-12 19:36:15.756245,453,,
0.412,0.754,7.0,-6.591,1.0,0.0783,0.35,0.00156,0.0614,0.502,158.172,47mkNEdDxgp89XMETs9mtp,342787.0,4.0,2023-08-12 19:36:15.914119,454,,
0.506,0.709,4.0,-9.02,0.0,0.0497,0.00919,0.0336,0.148,0.718,135.157,3O9xOAPwHjKKrRqL6LgTLI,369907.0,4.0,2023-08-12 19:36:16.074758,455,,
0.512,0.458,7.0,-8.993,1.0,0.0282,0.00771,0.399,0.109,0.667,99.092,4p16QRkQMGSuI96QeOyilU,457920.0,4.0,2023-08-12 19:36:16.237263,456,,
0.391,0.693,7.0,-5.37,1.0,0.0335,0.563,0.00773,0.154,0.549,149.778,2dfqWgYQVWqF1DJUWc8EoL,359547.0,4.0,2023-08-12 19:36:16.392938,457,,
0.328,0.987,7.0,-1.812,0.0,0.183,0.0442,0.0691,0.353,0.281,191.91,3WK3ejrcg2sOILqcxYaykU,323227.0,4.0,2023-08-12 19:36:16.548271,458,,
0.642,0.677,11.0,-5.488,0.0,0.0334,0.128,0.00414,0.108,0.472,88.041,19YMl1jI5e4s5GsfCiLMrl,276427.0,4.0,2023-08-12 19:36:16.706433,459,,
0.366,0.796,9.0,-4.085,0.0,0.0607,0.0738,0.027,0.0503,0.94,80.467,1REM2DvMUO7c4bSSCowXum,222093.0,4.0,2023-08-12 19:36:16.856011,460,,
0.482,0.858,9.0,-3.946,1.0,0.0682,0.128,0.00564,0.0991,0.613,165.876,06LdeHlnBLBDUb87cgBef0,167840.0,4.0,2023-08-12 19:36:17.016534,461,,
0.553,0.691,0.0,-5.546,1.0,0.044,0.297,0.0106,0.149,0.744,152.305,1FKKvyrgMdJFwf0NdM7P5Q,281320.0,4.0,2023-08-12 19:36:17.171268,462,,
0.379,0.741,7.0,-7.636,1.0,0.116,0.506,0.0503,0.0784,0.325,159.282,68l33GWbkYY2I1ZiPodIyE,199960.0,4.0,2023-08-12 19:36:17.345209,463,,
0.316,0.844,2.0,-4.09,1.0,0.0567,0.0322,3.9e-05,0.155,0.546,170.453,5PPwm655zF0qaG28ybUfDI,251733.0,4.0,2023-08-12 19:36:17.525358,464,,
0.495,0.439,4.0,-7.269,0.0,0.0626,0.0512,0.193,0.261,0.269,81.658,1utwDyQnj11yZEAab7Uvbc,283493.0,4.0,2023-08-12 19:36:17.693750,465,,
0.547,0.94,11.0,-5.13,0.0,0.0796,0.0676,0.000212,0.0657,0.729,180.09,3C3EQeacSrIsdYdPl921qk,234106.0,4.0,2023-08-12 19:36:17.849915,466,,
0.376,0.963,11.0,-4.076,0.0,0.17,0.00443,0.0,0.269,0.487,93.733,3ePinNl3ZVyZYfz7FcrY6x,241560.0,4.0,2023-08-12 19:36:18.007958,467,,
0.338,0.787,7.0,-6.317,1.0,0.0514,0.0285,0.000165,0.0887,0.388,170.009,58KZJ5eFXvAbEd96QaGHKb,287866.0,4.0,2023-08-12 19:36:18.168136,468,,
0.349,0.704,0.0,-6.628,1.0,0.0645,0.0158,0.0521,0.132,0.607,179.211,17LM7c7F3XMXSkXJKEN7CG,288253.0,4.0,2023-08-12 19:36:18.331367,469,,
0.745,0.466,4.0,-7.62,0.0,0.0864,0.00666,0.35,0.272,0.303,123.889,3m6KkYKdnbffMpGd9Pm9FP,231920.0,4.0,2023-08-12 19:36:18.487910,470,,
0.591,0.939,10.0,-4.911,0.0,0.0533,0.000156,0.0111,0.0882,0.856,150.249,6U5hUX40OWY6l0HaPUWElZ,200400.0,4.0,2023-08-12 19:36:20.660130,484,,
0.458,0.972,0.0,-5.184,1.0,0.0575,0.00763,0.000162,0.115,0.404,141.615,5pitIaWekrv2IqkOuKgAbi,343773.0,4.0,2023-08-12 19:36:21.257191,488,,
0.644,0.664,9.0,-8.398,1.0,0.0332,0.048,0.867,0.342,0.53,124.726,2VEZx7NWsZ1D0eJ4uv5Fym,301373.0,4.0,2023-08-12 19:36:23.559186,503,,
0.548,0.816,2.0,-4.478,1.0,0.0499,0.0104,0.0543,0.152,0.857,174.993,1595LW73XBxkRk2ciQOHfr,137760.0,4.0,2023-08-12 19:36:36.011676,582,,
0.653,0.966,9.0,-4.236,0.0,0.0598,0.00287,0.0026,0.143,0.874,126.921,2T3blUc9Jnui2a0ZhuNOag,209267.0,4.0,2023-08-12 19:36:38.942750,600,,
0.44,0.932,3.0,-4.488,0.0,0.0584,0.0102,0.0,0.142,0.495,157.438,1YrJCGCuGZQFBwTb6gwIEM,303920.0,4.0,2023-08-12 19:36:39.097038,601,,
0.81,0.793,6.0,-9.404,0.0,0.0403,0.0378,1.77e-06,0.072,0.863,116.05,69kOkLUCkxIZYexIgSG8rq,369627.0,4.0,2023-08-12 19:36:39.284778,602,,
0.807,0.51,0.0,-9.729,1.0,0.0433,0.041,0.115,0.104,0.961,130.118,0IedgQjjJ8Ad4B3UDQ5Lyn,279773.0,4.0,2023-08-12 19:36:39.438769,603,,
0.29,0.412,6.0,-12.659,0.0,0.0458,0.477,0.0839,0.079,0.12,90.539,7oaEjLP2dTJLJsITbAxTOz,498960.0,4.0,2023-08-12 19:36:39.596312,604,,
0.442,0.893,0.0,-4.878,1.0,0.0505,0.00844,0.0,0.529,0.712,148.119,12qZHAeOyTf93YAWvGDTat,168000.0,4.0,2023-08-12 19:36:39.747916,605,,
0.398,0.954,6.0,-7.373,1.0,0.0715,0.0133,0.000218,0.0891,0.433,157.766,1hWrl3T1kIH5b9zRHLfCOn,148573.0,4.0,2023-08-12 19:36:39.901869,606,,
0.416,0.955,9.0,-4.677,1.0,0.102,0.000366,0.0,0.0712,0.887,193.135,4JkAksOGGSferXHyr4qm7g,171067.0,4.0,2023-08-12 19:36:40.059567,607,,
0.574,0.917,0.0,-4.505,1.0,0.0483,0.000579,0.0,0.177,0.855,95.663,7khksFCzd2QheN68ZHa2SU,171120.0,4.0,2023-08-12 19:36:40.231057,608,,
0.414,0.404,0.0,-9.928,0.0,0.0499,0.271,0.0,0.3,0.224,71.105,1AhDOtG9vPSOmsWgNW0BEY,354320.0,4.0,2023-08-12 19:36:40.389499,609,,
0.692,0.497,2.0,-7.316,1.0,0.119,0.676,0.0,0.259,0.475,81.308,4pbJqGIASGPr0ZpGpnWkDn,122067.0,4.0,2023-08-12 19:36:40.548184,610,,
0.559,0.868,5.0,-5.276,1.0,0.17,0.0475,0.000176,0.776,0.609,156.295,5T8EDUDqKcs6OSOwEsfqG7,209413.0,4.0,2023-08-12 19:36:40.705067,611,,
0.933,0.528,5.0,-6.472,0.0,0.161,0.112,0.312,0.163,0.754,109.967,5vdp5UmvTsnMEMESIF2Ym7,214653.0,4.0,2023-08-12 19:36:40.874329,612,,
0.796,0.43,4.0,-8.994,1.0,0.0325,0.0869,0.000343,0.0776,0.559,108.959,4ue5ET9msGNJSO6sSbrCVE,258000.0,4.0,2023-08-12 19:36:41.032708,613,,
0.671,0.712,2.0,-7.815,1.0,0.0476,0.429,0.0,0.103,0.462,113.805,2fuCquhmrzHpu5xcA1ci9x,248440.0,4.0,2023-08-12 19:36:41.191253,614,,
0.461,0.69,8.0,-6.958,1.0,0.0611,0.169,1.01e-06,0.113,0.353,110.915,3vCHmbyOgc6pgwLUWfU4pF,296480.0,3.0,2023-08-12 19:36:41.354734,615,,
0.719,0.597,5.0,-5.964,0.0,0.106,0.485,0.0,0.0762,0.651,144.99,4B6ko7lt1sUtyFzBDF4yfK,246240.0,4.0,2023-08-12 19:36:41.507870,616,,
0.56,0.918,6.0,-4.399,0.0,0.0735,0.132,2.4e-06,0.435,0.743,135.251,740Rh302Wm6uHRsYTa4KDQ,227667.0,4.0,2023-08-12 19:36:41.661935,617,,
0.594,0.884,9.0,-4.29,1.0,0.125,0.508,0.0,0.311,0.615,148.015,0fmASfcJJ6N8hTvGTa8Hhi,283733.0,4.0,2023-08-12 19:36:41.838376,618,,
0.77,0.835,10.0,-5.846,1.0,0.0619,0.104,0.0,0.287,0.895,104.876,1pkGoq3iGYec7DhPUuaNHA,304467.0,4.0,2023-08-12 19:36:41.992986,619,,
0.752,0.718,8.0,-5.097,0.0,0.0383,0.2,0.0,0.0583,0.769,132.919,3Z63hIIqZuJDHXoA4SRmVb,289760.0,4.0,2023-08-12 19:36:42.152624,620,,
0.696,0.575,1.0,-5.769,0.0,0.0308,0.199,5.96e-06,0.133,0.384,124.027,5TEhrKGfl4e2zB3HAevrkV,296893.0,4.0,2023-08-12 19:36:42.321725,621,,
0.629,0.846,8.0,-4.398,1.0,0.0557,0.56,0.0,0.0566,0.77,135.057,23E6DbN4GMJ2Ffpn6f9qXf,268560.0,4.0,2023-08-12 19:36:42.479779,622,,
0.469,0.921,5.0,-5.736,0.0,0.0386,5.88e-05,0.0481,0.276,0.519,131.862,37tn2j1scmBwBBRPNGtG2Y,223773.0,4.0,2023-08-12 19:36:42.642596,623,,
0.226,0.775,0.0,-7.727,0.0,0.0656,0.00656,0.0566,0.439,0.395,179.934,6PlnoComXUoZs8CEHqTeac,269213.0,3.0,2023-08-12 19:36:42.801443,624,,
0.374,0.731,7.0,-8.115,1.0,0.0506,0.00287,0.0,0.68,0.23,200.037,4YNPLpc0lUMvlNmCCtH73U,327030.0,4.0,2023-08-12 19:36:42.954257,625,,
0.499,0.697,7.0,-5.679,0.0,0.0324,0.13,1.86e-06,0.11,0.157,121.983,4R7hYolmCEj4LU4zyFen07,372169.0,4.0,2023-08-12 19:36:43.111478,626,,
0.732,0.777,1.0,-6.24,1.0,0.081,0.00247,5.41e-06,0.0404,0.935,109.966,1uc250N3EwuwYdAhYzuTAD,244047.0,4.0,2023-08-12 19:36:43.285632,627,,
0.54,0.948,7.0,-4.781,0.0,0.127,0.116,0.0,0.287,0.857,165.015,2lGERMfn9SntWgTTAbvsVv,156224.0,4.0,2023-08-12 19:36:43.447188,628,,
0.514,0.955,0.0,-6.259,0.0,0.0566,0.192,0.0,0.0696,0.245,89.978,29J8Yvv5NPoJoBrGqpCf6R,216640.0,4.0,2023-08-12 19:36:43.601658,629,,
0.578,0.932,0.0,-6.379,1.0,0.0437,0.021,2.02e-06,0.335,0.632,95.005,5OVB33VsibbLKB99zwxJWv,307907.0,4.0,2023-08-12 19:36:43.763049,630,,
0.672,0.74,2.0,-7.704,1.0,0.0387,0.000679,0.0,0.135,0.309,129.997,5CKisI14f3K2Cz8X1fMS1B,170027.0,4.0,2023-08-12 19:36:43.926617,631,,
0.54,0.786,0.0,-7.988,0.0,0.0365,0.0126,0.000977,0.105,0.325,104.952,3zxxQBfPmClEReL8m6l3QX,252819.0,4.0,2023-08-12 19:36:44.118671,632,,
0.678,0.772,10.0,-7.836,0.0,0.066,0.00518,1.53e-05,0.267,0.446,145.115,248GYDCifrXUazKiDsS7Cw,259413.0,4.0,2023-08-12 19:36:44.280731,633,,
0.74,0.648,9.0,-8.136,0.0,0.0427,0.0957,0.0,0.507,0.713,140.106,6HIWLZn3KvB6M0UKPUgFEE,237215.0,4.0,2023-08-12 19:36:44.433316,634,,
0.582,0.763,0.0,-8.012,1.0,0.0439,0.00039,1.42e-06,0.39,0.723,137.941,4dMuGX4IpvYh1h1LZKbGBa,158732.0,4.0,2023-08-12 19:36:44.628252,635,,
0.685,0.721,4.0,-8.009,1.0,0.0375,0.0229,0.0776,0.332,0.479,127.97,2y7jHbps1YvGJ2FxkwvR3g,247618.0,4.0,2023-08-12 19:36:44.787769,636,,
0.477,0.854,0.0,-7.553,0.0,0.0525,0.00378,0.664,0.308,0.269,139.917,6eNjknBN5Qex5tHY7thILO,127227.0,4.0,2023-08-12 19:36:44.939325,637,,
0.468,0.764,9.0,-7.856,1.0,0.0539,0.0105,0.00386,0.0789,0.539,175.092,78okUdoTdSwR5Saim4hH5V,173827.0,4.0,2023-08-12 19:36:45.091571,638,,
0.364,0.692,8.0,-8.384,1.0,0.0381,4.1e-05,0.68,0.216,0.398,140.096,27VEA3W8lyVPFb5JsTzULc,241440.0,4.0,2023-08-12 19:36:45.255661,639,,
0.568,0.925,10.0,-5.774,1.0,0.219,0.112,0.0,0.21,0.511,174.735,79TwgdjYp1tL4pY9Pqyt8c,153600.0,4.0,2023-08-12 19:36:45.408469,640,,
0.61,0.807,2.0,-5.702,1.0,0.0565,0.0355,0.0,0.327,0.465,95.987,7KU6krg5L7JRGO28yVjaA3,248200.0,4.0,2023-08-12 19:36:45.564810,641,,
0.805,0.44,9.0,-6.934,0.0,0.0298,0.452,0.0,0.108,0.829,107.985,5nenV4D7Yw2efQxItXOasH,241960.0,4.0,2023-08-12 19:36:45.743742,642,,
0.645,0.876,4.0,-5.416,1.0,0.0397,0.000707,0.0,0.159,0.235,142.001,6UoGqNlDrHnI3WvhEFCvYz,202320.0,4.0,2023-08-12 19:36:45.902870,643,,
0.56,0.965,9.0,-3.179,1.0,0.0649,0.0708,1.19e-06,0.112,0.858,157.942,27gdTinnpIlw9SO6M1bdGV,219773.0,4.0,2023-08-12 19:36:46.061606,644,,
0.715,0.903,2.0,-3.566,0.0,0.0423,0.0671,1.29e-06,0.209,0.754,112.968,0qLNAiYkpWFGKS8T8yDXsb,268373.0,4.0,2023-08-12 19:36:46.225346,645,,
0.694,0.915,4.0,-5.618,1.0,0.0495,0.0469,0.0,0.176,0.858,111.936,4BSRbAxg7Pg1GCnv5B76oY,174813.0,4.0,2023-08-12 19:36:46.391037,646,,
0.72,0.479,1.0,-8.781,1.0,0.032,0.74,0.0159,0.681,0.852,107.473,1MmGTsPVHDjhM5BJLvkFRL,280053.0,4.0,2023-08-12 19:36:46.563528,647,,
0.557,0.907,0.0,-5.237,1.0,0.0575,0.0295,2.67e-05,0.697,0.856,116.929,7n3vJc7HYnvqo8Gn7FnXJh,213573.0,4.0,2023-08-12 19:36:46.717734,648,,
0.475,0.875,4.0,-5.11,1.0,0.0311,0.00416,9.66e-05,0.222,0.59,149.993,3ZxQL8O5L6CHLepS3uvaET,201250.0,4.0,2023-08-12 19:36:46.871358,649,,
0.474,0.955,0.0,-5.414,1.0,0.0872,0.0488,5.83e-05,0.113,0.585,168.262,6yBHR0esuWE4zr0A02qeKY,189453.0,4.0,2023-08-12 19:36:47.051233,650,,
0.564,0.705,7.0,-6.158,1.0,0.0344,0.115,1.62e-05,0.104,0.202,102.135,3Ti0O0JrzCJ3Hxdgg6YI1V,182125.0,4.0,2023-08-12 19:36:47.210031,651,,
0.434,0.669,0.0,-7.793,0.0,0.0569,0.0495,0.0291,0.149,0.323,133.8,6TXWztLIrgQU9tRcBrZlxy,509493.0,4.0,2023-08-12 19:36:47.372134,652,,
0.442,0.779,5.0,-5.392,0.0,0.0394,0.00969,0.000539,0.113,0.203,100.969,5CGVq1l0UvZ7WkbW9hA4lj,602080.0,3.0,2023-08-12 19:36:47.537593,653,,
0.461,0.994,4.0,-3.413,1.0,0.0429,3.08e-05,9.92e-06,0.156,0.751,162.171,72arBimTMao2pv0lskTwkR,184907.0,4.0,2023-08-12 19:36:47.700022,654,,
0.395,0.875,2.0,-3.2,1.0,0.0459,7.16e-05,6.8e-06,0.111,0.824,187.169,0h4DbMUePC9a4cq7O6PPqY,174973.0,4.0,2023-08-12 19:36:47.849132,655,,
0.429,0.915,11.0,-5.307,1.0,0.0671,0.0039,0.0,0.362,0.669,183.771,4Pb6cFstmgs4E5PIJ5oMd5,237293.0,4.0,2023-08-12 19:36:47.999781,656,,
0.44,0.961,2.0,-4.015,1.0,0.0625,0.000195,0.00033,0.0986,0.697,166.133,4GaowROnRyHmr1RdAy17qK,213840.0,4.0,2023-08-12 19:36:48.169576,657,,
0.279,0.664,9.0,-8.851,1.0,0.0371,0.000389,0.000655,0.133,0.49,104.56,0ancVQ9wEcHVd0RrGICTE4,237027.0,4.0,2023-08-12 19:36:48.327433,658,,
0.627,0.847,0.0,-3.186,1.0,0.0264,0.139,0.000154,0.709,0.637,121.975,6pVmnP2zpWqmMTHiwUnpqq,281306.0,4.0,2023-08-12 19:36:48.488882,659,,
0.532,0.944,2.0,-3.422,1.0,0.0537,0.00626,0.0,0.303,0.76,130.982,6JnaWDsQ5FmA9BLpAIgAiG,224346.0,4.0,2023-08-12 19:36:48.652808,660,,
0.631,0.879,6.0,-5.476,0.0,0.0324,0.329,0.000378,0.0805,0.847,156.12,7H0PDJwUMTdwQEBb3gXMeI,232640.0,4.0,2023-08-12 19:36:48.817280,661,,
0.725,0.79,9.0,-4.393,0.0,0.102,0.0646,0.00883,0.121,0.867,151.985,4LRDZaIVfswrBGRaKYq0Dq,197320.0,4.0,2023-08-12 19:36:48.974966,662,,
0.748,0.836,9.0,-6.816,1.0,0.0434,0.137,0.0,0.114,0.954,135.779,2AkbsFPFjvUPgkdHGH8WXv,263747.0,4.0,2023-08-12 19:36:49.141031,663,,
0.784,0.592,0.0,-8.912,1.0,0.033,0.00937,0.000695,0.346,0.787,95.008,5UCfyzONO8rwHz2uMtiW0r,218707.0,4.0,2023-08-12 19:36:49.297079,664,,
0.54,0.804,2.0,-7.112,1.0,0.0425,0.078,0.171,0.115,0.347,129.088,5nWbbQ0sIEabqPxAdqmh66,234680.0,4.0,2023-08-12 19:36:49.459456,665,,
0.638,0.924,7.0,-3.887,1.0,0.036,0.00205,0.000175,0.149,0.53,111.995,69uxyAqqPIsUyTO8txoP2M,263787.0,4.0,2023-08-12 19:36:49.621298,666,,
0.557,0.442,5.0,-7.224,1.0,0.0243,0.731,1.46e-05,0.11,0.213,146.277,75JFxkI2RXiU7L9VXzMkle,309600.0,4.0,2023-08-12 19:36:49.792807,667,,
0.545,0.675,6.0,-6.474,1.0,0.0279,0.00617,0.00197,0.209,0.162,124.97,0FDzzruyVECATHXKHFs9eJ,267867.0,4.0,2023-08-12 19:36:49.953517,668,,
0.429,0.661,11.0,-7.227,1.0,0.0281,0.00239,0.000121,0.234,0.285,173.372,3AJwUDP919kvQ9QcozQPxg,266773.0,4.0,2023-08-12 19:36:50.104434,669,,
0.577,0.749,5.0,-7.215,0.0,0.0279,0.599,0.0115,0.183,0.255,130.97,0BCPKOYdS2jbQ8iyB56Zns,307880.0,4.0,2023-08-12 19:36:50.306392,670,,
0.602,0.612,0.0,-8.409,1.0,0.0335,0.206,0.00607,0.107,0.453,122.062,2QhURnm7mQDxBb5jWkbDug,136867.0,4.0,2023-08-12 19:36:50.470871,671,,
0.465,0.757,7.0,-4.035,1.0,0.0327,0.015,1.64e-06,0.176,0.49,124.227,6Ge9WWJEIdtDV8XHKdocK8,237000.0,4.0,2023-08-12 19:36:50.629343,672,,
0.491,0.87,9.0,-5.99,1.0,0.0308,0.00361,0.126,0.184,0.814,124.444,4er8NyQ8cFnZ2b643Tjc44,224800.0,4.0,2023-08-12 19:36:50.792635,673,,
0.62,0.943,9.0,-5.785,1.0,0.0516,0.0724,0.0,0.11,0.913,102.94,4mfYqKePnqZdnX9pSBrb2m,153800.0,4.0,2023-08-12 19:36:50.944416,674,,
0.471,0.888,7.0,-7.242,1.0,0.0306,0.19,0.0566,0.118,0.944,136.595,1H930Jlys8HlV683LyQMIj,153507.0,4.0,2023-08-12 19:36:51.111428,675,,
0.427,0.724,11.0,-10.435,1.0,0.0606,0.495,0.00305,0.733,0.521,158.041,1grrnS9sDEqZHvP2WeaqLK,209960.0,4.0,2023-08-12 19:36:51.269192,676,,
0.549,0.585,9.0,-11.278,1.0,0.0355,0.144,0.0301,0.839,0.341,128.976,40rEPtUkvyYqTIG7eM2vUr,319147.0,4.0,2023-08-12 19:36:51.422150,677,,
0.608,0.843,8.0,-6.867,0.0,0.0485,0.0464,2.81e-06,0.514,0.413,132.956,3Pbttw1eIp21k6kH69Qkrh,307547.0,4.0,2023-08-12 19:36:51.576832,678,,
0.628,0.716,7.0,-7.117,1.0,0.0288,0.021,3.79e-06,0.751,0.724,120.057,6sAlDwTzlIvFel9WWECVCz,221640.0,4.0,2023-08-12 19:36:51.741290,679,,
0.56,0.791,5.0,-5.739,1.0,0.0269,0.00838,6.14e-06,0.135,0.811,130.042,5YxjBW8oHgn6yC3pGc63p8,260187.0,4.0,2023-08-12 19:36:51.915122,680,,
0.645,0.733,4.0,-4.383,1.0,0.0297,0.246,7.84e-05,0.132,0.686,134.974,5GHdBTmbMslDU7i1JYK7qI,283413.0,4.0,2023-08-12 19:36:52.069182,681,,
0.589,0.639,11.0,-7.124,1.0,0.029,0.0563,2.97e-05,0.112,0.574,124.001,2BQ3clFvYOPqg1YCS2NQ6O,281587.0,4.0,2023-08-12 19:36:52.251990,682,,
0.72,0.372,7.0,-13.446,1.0,0.0354,0.672,0.904,0.108,0.229,117.011,4tCr6S53H5iXy8MrMYr9kJ,182747.0,4.0,2023-08-12 19:36:52.412339,683,,
0.547,0.768,9.0,-6.07,1.0,0.0298,0.0947,1.64e-06,0.306,0.737,151.939,7vAmuq5FqW508kNqJ9noEF,175493.0,4.0,2023-08-12 19:36:52.583561,684,,
0.639,0.69,7.0,-10.047,1.0,0.264,0.0265,0.000551,0.146,0.579,119.63,2oX46s90nkZtTbCowHiWVs,199600.0,4.0,2023-08-12 19:36:52.745914,685,,
0.878,0.724,10.0,-5.373,0.0,0.129,0.168,0.0116,0.133,0.904,121.906,5sS4g0adkAUXvLJHQ1i2kj,295400.0,4.0,2023-08-12 19:36:52.898646,686,,
0.799,0.69,11.0,-4.998,0.0,0.0749,0.0119,2.87e-05,0.133,0.896,129.297,0a0KZCfAVPiPs09O6cv4Eo,224493.0,4.0,2023-08-12 19:36:53.047085,687,,
0.7,0.865,9.0,-5.827,0.0,0.133,0.0136,7.56e-05,0.0718,0.78,128.04,0RWqE2ZaulvnN1i40qIhDh,331760.0,4.0,2023-08-12 19:36:53.207179,688,,
0.736,0.866,1.0,-6.729,1.0,0.0535,0.0122,0.542,0.0579,0.582,120.016,0g9EZ1WKO6fsKNSEltL6JJ,315800.0,4.0,2023-08-12 19:36:53.365348,689,,
0.633,0.921,11.0,-7.719,0.0,0.0495,0.0261,0.00102,0.309,0.925,119.865,3nrVwwePAYIRzUNH9ig6mO,244147.0,4.0,2023-08-12 19:36:53.531863,690,,
0.504,0.786,1.0,-5.526,0.0,0.0369,0.0239,0.00141,0.125,0.487,170.056,1UtshH7IfadhUcsEKwECBI,241893.0,4.0,2023-08-12 19:36:53.700932,691,,
0.478,0.963,6.0,-4.664,1.0,0.035,6.18e-05,0.00213,0.113,0.278,91.636,1wlT5JXl2GgNkbrR3T1o3l,311893.0,4.0,2023-08-12 19:36:53.862218,692,,
0.507,0.902,8.0,-6.397,0.0,0.114,0.000273,2.06e-05,0.0815,0.566,182.107,2WehJ5GORJXh7Olne2dy3P,287747.0,4.0,2023-08-12 19:36:54.025580,693,,
0.479,0.941,3.0,-4.666,0.0,0.0499,5.63e-05,2.19e-06,0.309,0.513,85.011,1btcrhaqPvn5AmGo73WZ8m,258547.0,4.0,2023-08-12 19:36:54.185052,694,,
0.419,0.98,9.0,-4.114,0.0,0.262,0.109,0.024,0.0642,0.0741,160.065,1gqoZHSxQonfPvS8PracFY,366434.0,4.0,2023-08-12 19:36:54.340178,695,,
0.262,0.8,8.0,-4.188,0.0,0.0528,0.0205,4.59e-05,0.0866,0.564,178.38,0xXrilzdfW5aBsUXuriz8p,264893.0,4.0,2023-08-12 19:36:54.487604,696,,
0.529,0.888,6.0,-5.944,1.0,0.0515,0.000365,0.00683,0.169,0.541,110.006,2yAEm8OTFYqMwXECyQkLUt,275273.0,4.0,2023-08-12 19:36:54.658782,697,,
0.419,0.958,9.0,-4.865,0.0,0.0922,0.112,3.21e-05,0.981,0.354,133.174,5EqUduTI9mHLFSZejPi9m0,257107.0,4.0,2023-08-12 19:36:54.974488,699,,
0.438,0.917,0.0,-3.906,1.0,0.0518,0.0143,0.0262,0.0365,0.704,169.211,1s1fU6KI2tlFgeBDccvkXu,228000.0,4.0,2023-08-12 19:36:55.148040,700,,
0.524,0.675,0.0,-8.02,0.0,0.0562,0.0365,0.000745,0.0919,0.529,67.958,1dWpKkwOEUoiCv4h3ZzPl8,270466.0,4.0,2023-08-12 19:36:55.317796,701,,
0.581,0.79,9.0,-8.161,0.0,0.0576,0.0275,0.00204,0.688,0.382,117.98,7D9wakj5Rc1uR41XL3EsAN,395253.0,4.0,2023-08-12 19:36:55.473563,702,,
0.394,0.731,9.0,-9.75,0.0,0.0579,0.0159,0.00963,0.0853,0.4,136.386,6BqpC2E2BVbN2eLpKZPSUu,340867.0,4.0,2023-08-12 19:36:55.631092,703,,
0.349,0.885,2.0,-6.415,1.0,0.172,0.0256,3.17e-06,0.123,0.361,130.041,3KrWBLRq86yyrljQNMFjak,455427.0,4.0,2023-08-12 19:36:55.805409,704,,
0.586,0.7,0.0,-9.558,1.0,0.0363,0.0589,0.00125,0.0318,0.897,147.245,1HOMkjp0nHMaTnfAkslCQj,295400.0,4.0,2023-08-12 19:36:55.962844,705,,
0.851,0.551,4.0,-5.177,1.0,0.0396,0.151,0.0,0.0827,0.807,131.922,66S14BkJDxgkYxLl5DCqOz,219467.0,4.0,2023-08-12 19:36:56.119243,706,,
0.743,0.67,1.0,-4.547,0.0,0.0293,0.0108,0.0702,0.22,0.934,110.832,6NcHJ23mLQKnVxQcOmT7JW,243333.0,4.0,2023-08-12 19:36:56.281630,707,,
0.677,0.771,4.0,-5.852,1.0,0.0471,0.0465,0.0,0.165,0.936,99.91,3eWxADd1CLwJVhyPzrCpl8,218333.0,4.0,2023-08-12 19:36:56.446294,708,,
0.484,0.855,8.0,-7.356,1.0,0.041,0.00042,0.00148,0.0792,0.232,141.628,494y4adNRCmwvNVQMI5ClN,238693.0,4.0,2023-08-12 19:36:56.603169,709,,
0.495,0.444,11.0,-10.284,1.0,0.0329,0.153,0.0,0.316,0.384,174.001,6a5VIrRzlxhLEGESgB9OAK,220950.0,4.0,2023-08-12 19:36:56.758872,710,,
0.263,0.871,2.0,-7.496,1.0,0.131,0.106,0.0,0.363,0.622,206.68,5YScXJKtefsgdskIy60N7A,278960.0,4.0,2023-08-12 19:36:56.917554,711,,
0.407,0.889,6.0,-4.362,0.0,0.0325,0.000691,0.0,0.189,0.699,174.585,3lQHHqVMXtnOGxN2BKWXBs,258080.0,4.0,2023-08-12 19:36:57.069126,712,,
0.625,0.85,4.0,-3.904,1.0,0.0495,0.346,0.000233,0.174,0.633,94.661,0P8TSeRC5oSwjqGjkduTvF,241667.0,4.0,2023-08-12 19:36:57.240655,713,,
0.565,0.749,0.0,-5.262,1.0,0.0368,0.273,0.000213,0.0872,0.294,115.105,56yyXz7kusCxxyQF6jF1FP,199533.0,4.0,2023-08-12 19:36:57.404266,714,,
0.614,0.713,0.0,-8.07,1.0,0.0434,0.0143,0.0,0.115,0.561,117.351,6jA1EDXarBl4yIGlMdHHGe,266667.0,4.0,2023-08-12 19:36:57.552936,715,,
0.558,0.928,5.0,-3.04,1.0,0.0356,0.0746,5.44e-05,0.696,0.6,96.313,3APayTEWiUl9Ssep4BOXR2,244813.0,4.0,2023-08-12 19:36:57.713777,716,,
0.581,0.804,9.0,-8.093,1.0,0.0361,0.00105,0.000289,0.05,0.418,110.022,0RHPoliIwT6ddbPugZNitX,226133.0,4.0,2023-08-12 19:36:57.873071,717,,
0.639,0.845,0.0,-3.333,0.0,0.0372,0.0528,0.0,0.336,0.871,119.48,1FHNctV68GUNLgXclG2DtR,233373.0,4.0,2023-08-12 19:36:58.027201,718,,
0.54,0.933,0.0,-3.036,0.0,0.0497,0.0292,2.05e-05,0.376,0.513,120.04,4uybFPvp9I2YpBJO4S3OfK,224600.0,4.0,2023-08-12 19:36:58.193171,719,,
0.663,0.694,10.0,-8.627,0.0,0.171,0.0253,0.0,0.0698,0.525,167.953,1RKUoGiLEbcXN4GY4spQDx,340920.0,4.0,2023-08-12 19:36:58.349269,720,,
0.818,0.705,6.0,-6.679,1.0,0.177,0.00836,0.00233,0.613,0.772,138.559,0d28khcov6AiegSCpG5TuT,222640.0,4.0,2023-08-12 19:36:58.524088,721,,
0.706,0.713,0.0,-5.512,0.0,0.0301,0.0596,0.0,0.132,0.544,102.037,7sapKrjDij2fpDVj0GxP66,257133.0,4.0,2023-08-12 19:36:58.685793,722,,
0.582,0.758,5.0,-5.951,1.0,0.0464,0.0615,8.41e-06,0.309,0.413,77.982,34xZFT7artr3SGqgSoR88L,244507.0,4.0,2023-08-12 19:36:58.843157,723,,
0.728,0.669,2.0,-6.284,1.0,0.0603,0.0803,0.000251,0.395,0.648,90.141,640G15CQCtRZVwH9nkS4Ij,275960.0,4.0,2023-08-12 19:36:58.996990,724,,
0.652,0.757,1.0,-6.819,1.0,0.153,0.286,0.0,0.0886,0.962,159.911,6NPVjNh8Jhru9xOmyQigds,233305.0,4.0,2023-08-12 19:36:59.189500,725,,
0.832,0.659,10.0,-7.828,0.0,0.057,0.0839,0.00114,0.0753,0.674,100.163,5CMjjywI0eZMixPeqNd75R,353893.0,4.0,2023-08-12 19:36:59.341878,726,,
0.318,0.879,2.0,-6.06,1.0,0.0506,8.66e-05,1.04e-06,0.0808,0.25,146.312,7lNxDmqhKTOAlFBPCmkvLc,294600.0,4.0,2023-08-12 19:36:59.497054,727,,
0.593,0.74,8.0,-6.12,1.0,0.0339,0.363,2.22e-05,0.102,0.502,118.008,6fOPuabPdAJ0HgqJFcDGb1,208107.0,4.0,2023-08-12 19:36:59.688357,728,,
0.807,0.865,7.0,-2.469,1.0,0.0354,0.00512,0.000129,0.0653,0.877,113.983,5lL4yA9R3IUBQ4DujN6m1u,212227.0,4.0,2023-08-12 19:36:59.861219,729,,
0.854,0.673,4.0,-3.132,0.0,0.185,0.038,0.000227,0.255,0.955,95.0,4dtbwbHJ0TMFM75rQV6AuM,337733.0,4.0,2023-08-12 19:37:00.023546,730,,
0.859,0.905,0.0,-5.539,0.0,0.129,0.205,0.00825,0.322,0.73,89.945,4SQMUGoaODxK7wOG1pxeZ7,284160.0,4.0,2023-08-12 19:37:00.187321,731,,
0.583,0.774,9.0,-4.199,1.0,0.0568,0.0435,0.0,0.0694,0.913,120.002,3UGB74KsmwarhQDifsyOb4,230373.0,4.0,2023-08-12 19:37:00.353421,732,,
0.493,0.688,7.0,-8.143,1.0,0.0321,0.0126,0.256,0.38,0.533,147.403,0g6UcrVsACnRJyTGX6uSHu,173973.0,4.0,2023-08-12 19:37:00.509465,733,,
0.717,0.621,11.0,-7.588,0.0,0.0605,0.00403,0.0,0.144,0.72,133.014,6ukvsBzq4d1vBsAUmz7ZVt,248560.0,4.0,2023-08-12 19:37:00.673966,734,,
0.658,0.917,0.0,-4.768,0.0,0.0488,0.27,3.28e-06,0.2,0.664,110.032,10I3Fxp1aVQKtup1tacAtd,259867.0,4.0,2023-08-12 19:37:00.836024,735,,
0.539,0.683,11.0,-5.488,0.0,0.0348,0.076,2.23e-05,0.103,0.307,129.801,491zbf0KfWuPPYQHyKPQ0D,276427.0,4.0,2023-08-12 19:37:01.006170,736,,
0.529,0.992,0.0,-3.722,0.0,0.201,0.00027,0.00224,0.448,0.221,160.056,6BC9lffLNGDCgnxQpaxbEG,310500.0,4.0,2023-08-12 19:37:01.168632,737,,
0.362,0.944,5.0,-4.537,1.0,0.0791,0.00906,0.000439,0.324,0.481,115.834,1jBoNuXnZ2lCWc6KhmXqto,285000.0,4.0,2023-08-12 19:37:01.340165,738,,
0.413,0.93,0.0,-4.507,1.0,0.0572,0.00416,0.00128,0.0965,0.53,131.188,09h6Hbo7G5su8MlNKdWr9J,549000.0,4.0,2023-08-12 19:37:01.516761,739,,
0.44,0.942,4.0,-5.998,0.0,0.0554,9.1e-06,0.0531,0.321,0.584,79.508,6H8weEvfzCtffIIcwDOK6m,245973.0,4.0,2023-08-12 19:37:01.694762,740,,
0.494,0.735,0.0,-6.326,0.0,0.0348,0.000185,8.38e-05,0.086,0.359,125.042,76vUmbVfaldbl3w9UMeB3z,276200.0,4.0,2023-08-12 19:37:01.869609,741,,
0.564,0.834,0.0,-3.121,1.0,0.117,0.00036,4.92e-06,0.273,0.478,135.074,7xl2ZaOnKAxJyrkIQe2S43,205387.0,4.0,2023-08-12 19:37:02.056065,742,,
0.39,0.846,11.0,-4.779,0.0,0.0869,0.00613,0.00495,0.584,0.685,185.647,3Rw4FB6mAFNZzCWvZZOsIo,68720.0,4.0,2023-08-12 19:37:02.211886,743,,
0.452,0.955,4.0,-6.517,0.0,0.0637,0.000293,0.000198,0.175,0.537,94.717,4S54nvVQkMC0GeqN404lcG,359787.0,4.0,2023-08-12 19:37:02.382274,744,,
0.516,0.966,7.0,-2.434,1.0,0.0868,0.0147,1.26e-05,0.067,0.805,106.445,2zMzcrneLkcICYnKbGviW9,217253.0,4.0,2023-08-12 19:37:02.558419,745,,
0.653,0.649,3.0,-4.881,0.0,0.0712,0.00639,0.0,0.254,0.7,124.07,14eX4GhMb1nmuFfuYNGtwj,168747.0,4.0,2023-08-12 19:37:02.729664,746,,
0.23,0.924,7.0,-2.493,0.0,0.0584,7.06e-05,0.00756,0.371,0.409,149.42,3iIZPcijho3W48y5Y4Jhe8,226533.0,4.0,2023-08-12 19:37:02.900667,747,,
0.465,0.843,2.0,-6.011,0.0,0.0286,3.24e-06,0.554,0.102,0.636,140.057,1ipGWhDXNLqIPmOYwyo6Fn,219920.0,4.0,2023-08-12 19:37:03.058992,748,,
0.498,0.525,9.0,-7.21,1.0,0.0506,0.0258,8.75e-06,0.158,0.501,131.917,1aN236Ij1VKpX3Ylv78PGM,205720.0,4.0,2023-08-12 19:37:03.241406,749,,
0.535,0.868,8.0,-4.551,0.0,0.0359,0.000153,0.000157,0.0555,0.581,110.129,4QyTAToGczngpDZBhlU7AJ,269600.0,4.0,2023-08-12 19:37:03.440113,750,,
0.698,0.843,1.0,-4.789,1.0,0.0544,0.00253,0.000454,0.124,0.894,105.83,6CNTw44618cFTjowfWMkse,219413.0,4.0,2023-08-12 19:37:03.592278,751,,
0.324,0.875,0.0,-5.167,1.0,0.0923,0.0405,0.0,0.0855,0.867,80.234,2H8al2EN04HQKf2xTX5R5g,245427.0,4.0,2023-08-12 19:37:03.746329,752,,
0.435,0.897,10.0,-3.247,1.0,0.0344,0.000515,0.0103,0.0845,0.275,140.036,14BDEYKBXqn0YndMKl10BW,261360.0,4.0,2023-08-12 19:37:03.906647,753,,
0.542,0.905,9.0,-5.653,1.0,0.054,0.00172,0.0104,0.136,0.374,153.398,7aOoPSmSSkWKnh3zi908ty,203347.0,4.0,2023-08-12 19:37:04.060242,754,,
0.607,0.837,8.0,-5.872,0.0,0.0355,0.00342,0.473,0.457,0.444,134.344,3K5VXelPukt6EXUcCeCS67,233827.0,4.0,2023-08-12 19:37:04.230111,755,,
0.425,0.864,9.0,-4.951,0.0,0.0593,0.00139,1.71e-05,0.0901,0.769,138.222,0YY9bJCAk7eJliNKvlxGV4,245760.0,4.0,2023-08-12 19:37:04.398046,756,,
0.598,0.886,4.0,-5.607,1.0,0.0342,0.00121,0.0627,0.545,0.766,145.006,6iJYMdS9QAiQ1LRCtX1M7u,189360.0,4.0,2023-08-12 19:37:04.558147,757,,
0.421,0.897,2.0,-6.964,0.0,0.0433,0.212,0.00103,0.972,0.519,109.982,7c9sDyogsPK8XUAubCK69Y,172933.0,4.0,2023-08-12 19:37:04.705561,758,,
0.525,0.851,2.0,-5.581,0.0,0.0643,0.0151,0.0,0.656,0.541,100.026,2gDwJLEw8MTn0AoJzdpBWQ,248267.0,4.0,2023-08-12 19:37:04.859632,759,,
0.301,0.942,2.0,-6.457,1.0,0.0781,0.00636,7.15e-05,0.151,0.432,132.437,1eleBzQOsrTfkI66rO4c0A,357467.0,4.0,2023-08-12 19:37:05.026346,760,,
0.533,0.979,8.0,-5.576,1.0,0.134,0.00254,0.0,0.0823,0.316,168.064,6QxbHkbAHAMximyLJCTvUM,231360.0,4.0,2023-08-12 19:37:05.201200,761,,
0.591,0.667,3.0,-5.995,1.0,0.0291,0.102,9.92e-05,0.212,0.141,126.554,4cdkLMSUeD732LS9dw6G4n,289067.0,4.0,2023-08-12 19:37:05.364115,762,,
0.573,0.629,10.0,-5.035,1.0,0.0339,0.797,0.0,0.163,0.783,99.813,0XlybA6F3v5XcHl6rqmNRw,231707.0,4.0,2023-08-12 19:37:05.528052,763,,
0.555,0.892,4.0,-10.664,0.0,0.0368,0.26,0.000177,0.13,0.87,138.163,0NFcUhw2uKzX0zqH81tWOu,275027.0,4.0,2023-08-12 19:37:05.686966,764,,
0.594,0.904,5.0,-3.131,1.0,0.035,0.213,0.0,0.325,0.908,120.05,3tqt0hareq2gp7zd6Ns7bT,217469.0,4.0,2023-08-12 19:37:05.848028,765,,
0.349,0.523,11.0,-7.749,0.0,0.0382,0.362,0.000598,0.386,0.311,169.283,3WFfqRoJhJeHIZzKdW5xXZ,408467.0,3.0,2023-08-12 19:37:06.008143,766,,
0.392,0.88,9.0,-7.823,0.0,0.0422,0.533,8.07e-05,0.472,0.848,134.851,5XCqWbWvAMB1VPljRlBazd,220752.0,3.0,2023-08-12 19:37:06.229591,767,,
0.451,0.712,2.0,-6.679,0.0,0.046,0.000531,0.000201,0.103,0.211,144.798,7tqEMHNvpXtEjEgHKyIJVg,340320.0,3.0,2023-08-12 19:37:06.526545,768,,
0.426,0.702,4.0,-10.391,0.0,0.0329,0.0465,0.0224,0.0673,0.813,102.067,4IHIwMNqxgTkCEcwiQx5gk,312733.0,4.0,2023-08-12 19:37:07.251273,769,,
0.465,0.787,9.0,-8.548,0.0,0.0468,0.0414,0.0756,0.349,0.693,174.971,6Vllq7ejDmoGxJqyvxb1ow,211840.0,4.0,2023-08-12 19:37:07.519961,770,,
0.421,0.331,4.0,-16.587,0.0,0.0341,0.332,0.014,0.109,0.394,155.936,642o0DxSdM0JAGJKoGhtcL,339960.0,4.0,2023-08-12 19:37:08.015603,771,,
0.44,0.557,4.0,-10.389,0.0,0.106,0.567,0.469,0.0763,0.754,126.805,0sydKA8J6YGbdk9a4T7ve8,243493.0,4.0,2023-08-12 19:37:08.406325,772,,
0.625,0.666,4.0,-9.343,0.0,0.0331,0.109,0.00219,0.4,0.899,153.977,27w7aS0UdonBoqFLCuXrjP,184040.0,4.0,2023-08-12 19:37:08.655092,773,,
0.599,0.497,4.0,-11.172,0.0,0.0399,0.105,0.00257,0.111,0.618,157.989,5Srks36XWpQoF47EYF7ExI,232000.0,4.0,2023-08-12 19:37:09.108404,774,,
0.515,0.763,4.0,-10.761,0.0,0.0444,0.00544,0.00244,0.179,0.681,134.196,7waf1kp41cuudLvbuq4k7x,245133.0,4.0,2023-08-12 19:37:09.593295,775,,
0.692,0.582,5.0,-10.164,0.0,0.301,0.00211,0.0,0.177,0.513,127.017,3zMvotMEQK3xvH01vA9wAP,600293.0,4.0,2023-08-12 19:37:10.211324,776,,
0.382,0.36,0.0,-12.442,1.0,0.0365,0.52,0.171,0.0747,0.0362,133.273,7Dtd8PxtPBGOnuXo4znpGX,451681.0,4.0,2023-08-12 19:37:10.566919,777,,
0.481,0.262,7.0,-15.73,1.0,0.0414,0.735,0.0114,0.832,0.375,122.883,5MVrZa7cDtnAoMvCgRAMqb,334744.0,4.0,2023-08-12 19:37:10.739370,778,,
0.454,0.65,4.0,-10.191,0.0,0.0437,0.407,0.0498,0.589,0.72,120.154,6fsyqPFip6Ucft1Dx6aX8g,307733.0,4.0,2023-08-12 19:37:10.895452,779,,
0.496,0.875,4.0,-4.071,0.0,0.0386,0.00949,0.000178,0.233,0.414,120.879,7LK7dQtymjmIBM8O7wSeTp,253173.0,3.0,2023-08-12 19:37:11.063770,780,,
0.596,0.928,10.0,-4.731,1.0,0.057,0.0166,1.97e-06,0.945,0.351,131.077,5SDm9tsog3zkJw9VJPGPAZ,255640.0,4.0,2023-08-12 19:37:11.226503,781,,
0.631,0.862,9.0,-10.725,1.0,0.0376,0.216,0.0,0.0471,0.96,153.986,1TTWwOVGYyaH7LE9VE6nwQ,203667.0,4.0,2023-08-12 19:37:11.420152,782,,
0.752,0.607,2.0,-10.313,1.0,0.0424,0.435,2.79e-06,0.115,0.796,135.975,3Pj76J1TTe3iIKiRltXWTI,278040.0,4.0,2023-08-12 19:37:11.623298,783,,
0.532,0.694,2.0,-7.547,0.0,0.0588,0.19,0.0,0.331,0.722,154.399,4Nns96rl3HCQ50eiCbue1L,217507.0,4.0,2023-08-12 19:37:11.830878,784,,
0.541,0.875,7.0,-6.978,1.0,0.0936,0.201,0.0,0.115,0.57,94.358,6L1GoczoABTI5hKTm6oHCo,215053.0,4.0,2023-08-12 19:37:12.023122,785,,
0.579,0.927,9.0,-4.374,1.0,0.113,0.00515,2.58e-06,0.159,0.728,155.866,3A58rEqzY7fwWSOnlB2AxB,241160.0,4.0,2023-08-12 19:37:12.205117,786,,
0.334,0.968,0.0,-4.837,1.0,0.204,0.113,3.97e-05,0.0735,0.367,147.039,5fCjYymnlhDeHNy1uAdlMt,208067.0,4.0,2023-08-12 19:37:12.375890,787,,
0.492,0.518,7.0,-14.462,0.0,0.195,0.941,0.104,0.135,0.557,98.461,2x3JBfMLhudXlsc8JedCIR,374640.0,4.0,2023-08-12 19:37:12.531499,788,,
0.729,0.509,9.0,-12.608,1.0,0.0451,0.0531,0.000769,0.111,0.579,108.337,5zEJAVUt4fiuSIh6eHNOUg,253240.0,4.0,2023-08-12 19:37:12.696131,789,,
0.595,0.774,7.0,-9.675,1.0,0.0435,0.000766,0.0111,0.0537,0.71,129.622,6TSX4t93Mhh6djhKftWSrk,303267.0,4.0,2023-08-12 19:37:12.901340,790,,
0.559,0.343,9.0,-13.072,0.0,0.0424,0.0601,0.138,0.1,0.183,164.53,7iABnSNZciNepqGtjMQxxd,258693.0,4.0,2023-08-12 19:37:13.081873,791,,
0.761,0.592,2.0,-9.836,1.0,0.0586,0.492,0.00626,0.61,0.332,123.095,3JzL2n8ofVRV6pZXAMGQ93,189387.0,4.0,2023-08-12 19:37:13.245531,792,,
0.307,0.909,9.0,-7.08,0.0,0.0574,0.135,0.0336,0.125,0.443,173.674,3uMmllZo1AfoEnVT4ENCD3,366136.0,4.0,2023-08-12 19:37:13.408398,793,,
0.569,0.912,0.0,-3.5,1.0,0.0388,0.0503,0.000703,0.167,0.643,140.082,6zCiPGSU3GbRMEYLd81w8N,324253.0,4.0,2023-08-12 19:37:13.558922,794,,
0.298,0.87,9.0,-4.561,0.0,0.0935,0.198,0.37,0.482,0.552,174.85,2gO3D8KCr7z3gIqCviTRNV,443680.0,4.0,2023-08-12 19:37:13.707842,795,,
0.4,0.56,10.0,-13.871,1.0,0.0339,0.133,0.731,0.777,0.594,135.782,3IBx07RlTArHQLwhROXhGM,301013.0,4.0,2023-08-12 19:37:13.872405,796,,
0.587,0.872,10.0,-3.307,0.0,0.0306,0.00825,0.000113,0.0837,0.723,139.955,5i4DSAHaUxKd5KTn4dSVYk,277653.0,4.0,2023-08-12 19:37:14.040102,797,,
0.45,0.732,2.0,-8.754,0.0,0.0395,0.0129,0.688,0.304,0.25,131.946,38heD8LbxiFy0UVQVPRdlP,261642.0,4.0,2023-08-12 19:37:14.261612,798,,
0.646,0.823,2.0,-4.123,0.0,0.0394,0.213,0.0,0.322,0.418,128.035,7MmG8p0F9N3C4AXdK6o6Eb,227267.0,4.0,2023-08-12 19:37:14.439636,799,,
